WEB;CORREO ELECTRONICO;EVALUACIÓN;Escriba OBSERVACIONES TEXTO;RAZÓN SOCIAL;SUPERVISOR;REGIÓN;DEPARTAMENTO DOMICILIO;CIUDAD DOMICILIO
;;;;ESTYMA ESTUDIOS Y MANEJOS SA;SUPERSOCIEDADES;Antioquia;ANTIOQUIA;MEDELLIN-ANTIOQUIA
;;;;Empaquetaduras y Empaques S.A.;SUPERSOCIEDADES;Antioquia;ANTIOQUIA;MEDELLIN-ANTIOQUIA
;;;;INDUSTRIA DE ALIMENTOS ZENU S.A.S.;SUPERSOCIEDADES;Antioquia;ANTIOQUIA;MEDELLIN-ANTIOQUIA
;;;;CAMILO ALBERTO MEJIA Y CIA S.A.S;SUPERSOCIEDADES;Antioquia;ANTIOQUIA;MARINILLA-ANTIOQUIA
;;;;HUMAX PHARMACEUTICAL S.A.;SUPERSOCIEDADES;Antioquia;ANTIOQUIA;LA ESTRELLA-ANTIOQUIA
;;;;C.I. HERMECO S.A.;SUPERSOCIEDADES;Antioquia;ANTIOQUIA;MEDELLIN-ANTIOQUIA
;;;;Alcotra Colombia S.A.S.;SUPERSOCIEDADES;Antioquia;ANTIOQUIA;MEDELLIN-ANTIOQUIA
;;;;LABORATORIOS ECAR SA;SUPERSOCIEDADES;Antioquia;ANTIOQUIA;MEDELLIN-ANTIOQUIA
;;;;DROPOPULAR S.A.S.;SUPERSOCIEDADES;Antioquia;ANTIOQUIA;MEDELLIN-ANTIOQUIA
;;;;DISTRIBUCIONES AGRALBA S.A;SUPERSOCIEDADES;Antioquia;ANTIOQUIA;ITAGUI-ANTIOQUIA
;;;;TRANSGRANELES S.A.S.;SUPERTRANSPORTE;Antioquia;ANTIOQUIA;ITAGUI-ANTIOQUIA
;;;;FLORES EL CAPIRO SA;SUPERSOCIEDADES;Antioquia;ANTIOQUIA;MEDELLIN-ANTIOQUIA
;;;;Unidad Medica Y De Diagnostico S.A;SUPERSALUD;Antioquia;ANTIOQUIA;MEDELLIN-ANTIOQUIA
;;;;Mundial de Granos y Panelas S.A.S;SUPERSOCIEDADES;Antioquia;ANTIOQUIA;ITAGUI-ANTIOQUIA
;;;;COMPAÑIA DE ALIMENTOS COLOMBIANOS CALCO S.A.;SUPERSOCIEDADES;Antioquia;ANTIOQUIA;BBB
;;;;PRODUCTORA DE INSUMOS AGROPECUARIOS SOMEX S.A.S.;SUPERSOCIEDADES;Antioquia;ANTIOQUIA;MEDELLIN-ANTIOQUIA
;;;;ENECON SAS;SUPERSOCIEDADES;Antioquia;ANTIOQUIA;ITAGUI-ANTIOQUIA
;;;;PPG INDUSTRIES COLOMBIA LTDA;SUPERSOCIEDADES;Antioquia;ANTIOQUIA;ITAGUI-ANTIOQUIA
;;;;Clinica Cardio Vid;SUPERSALUD;Antioquia;ANTIOQUIA;MEDELLIN-ANTIOQUIA
;;;;LOCERIA COLOMBIANA S.A.S;SUPERSOCIEDADES;Antioquia;ANTIOQUIA;CALDAS-ANTIOQUIA
;;;;Amtex SAS;SUPERSOCIEDADES;Antioquia;ANTIOQUIA;MEDELLIN-ANTIOQUIA
;;;;EUROCERAMICA SAS;SUPERSOCIEDADES;Antioquia;ANTIOQUIA;GUARNE-ANTIOQUIA
;;;;TERMOELECTRICA EL TESORITO SAS ESP;SUPERSERVICIOS;Antioquia;ANTIOQUIA;MEDELLIN-ANTIOQUIA
;;;;ARANGO HERMANOS SAS;SUPERSOCIEDADES;Antioquia;ANTIOQUIA;SANTA ROSA DE OSOS-ANTIOQUIA
;;;;TEXCOMERCIAL - TEXCO S.A.S.;SUPERSOCIEDADES;Antioquia;ANTIOQUIA;MEDELLIN-ANTIOQUIA
;;;;DISTRIKIA S.A;SUPERSOCIEDADES;Antioquia;ANTIOQUIA;MEDELLIN-ANTIOQUIA
;;;;TINTATEX S.A.;SUPERSOCIEDADES;Antioquia;ANTIOQUIA;MARINILLA-ANTIOQUIA
;;;;ESTUDIO DE MODA SAS;SUPERSOCIEDADES;Antioquia;ANTIOQUIA;MEDELLIN-ANTIOQUIA
;;;;INGENIERIA Y VIAS S.A.S;SUPERSOCIEDADES;Antioquia;ANTIOQUIA;MEDELLIN-ANTIOQUIA
;;;;COMERCIALIZADORA INTERNACIONAL ROCAH SAS;SUPERSOCIEDADES;Antioquia;ANTIOQUIA;MEDELLIN-ANTIOQUIA
;;;;LA SA SOCIEDAD DE APOYO AERONAUTICO S.A.;SUPERSOCIEDADES;Antioquia;ANTIOQUIA;MEDELLIN-ANTIOQUIA
;;;;ZAPATA Y VELASQUEZ SAS;SUPERSOCIEDADES;Antioquia;ANTIOQUIA;MEDELLIN-ANTIOQUIA
;;;;ESPUMAS PLASTICAS SAS;SUPERSOCIEDADES;Antioquia;ANTIOQUIA;ITAGUI-ANTIOQUIA
;;;;MAQUILA INTERNACIONAL DE CONFECCION S.A.S.;SUPERSOCIEDADES;Antioquia;ANTIOQUIA;SABANETA-ANTIOQUIA
;;;;Sator S.A.S;SUPERSOCIEDADES;Antioquia;ANTIOQUIA;MEDELLIN-ANTIOQUIA
;;;;TRILLADORA LA MONTAÑA SAS;SUPERSOCIEDADES;Antioquia;ANTIOQUIA;ITAGUI-ANTIOQUIA
;;;;GRANIPACK SAS;SUPERSOCIEDADES;Antioquia;ANTIOQUIA;ITAGUI-ANTIOQUIA
;;;;ARUS S.A.S.;SUPERSOCIEDADES;Antioquia;ANTIOQUIA;ITAGUI-ANTIOQUIA
;;;;CRISTAR TABLETOP S.A.S;SUPERSOCIEDADES;Antioquia;ANTIOQUIA;MEDELLIN-ANTIOQUIA
;;;;INVERSIONES FERBIENES SAS;SUPERSOCIEDADES;Antioquia;ANTIOQUIA;SABANETA-ANTIOQUIA
;;;;PROYECTOS DE INVERSION VIAL DEL PACIFICO SAS;SUPERSOCIEDADES;Antioquia;ANTIOQUIA;SABANETA-ANTIOQUIA
;;;;DISMERCA S.A.S.;SUPERSOCIEDADES;Antioquia;ANTIOQUIA;MEDELLIN-ANTIOQUIA
;;;;CI JSW CORPORATION S.A.S;SUPERSOCIEDADES;Antioquia;ANTIOQUIA;MEDELLIN-ANTIOQUIA
;;;;STOP S.A.S;SUPERSOCIEDADES;Antioquia;ANTIOQUIA;MEDELLIN-ANTIOQUIA
;;;;C.I. GESTION EL REAL S.A.S.;SUPERSOCIEDADES;Antioquia;ANTIOQUIA;CAUCASIA-ANTIOQUIA
;;;;VISDECOL S.A.S;SUPERSOCIEDADES;Antioquia;ANTIOQUIA;LA ESTRELLA-ANTIOQUIA
;;;;NUTRIUM S.A.S;SUPERSOCIEDADES;Antioquia;ANTIOQUIA;MEDELLIN-ANTIOQUIA
;;;;QUIPUX S.A.S.;SUPERSOCIEDADES;Antioquia;ANTIOQUIA;MEDELLIN-ANTIOQUIA
;;;;PANAMERICANA DE ALIMENTOS SAS;SUPERSOCIEDADES;Antioquia;ANTIOQUIA;RIONEGRO-ANTIOQUIA
;;;;SUPERCARNES JH SAS;SUPERSOCIEDADES;Antioquia;ANTIOQUIA;MEDELLIN-ANTIOQUIA
;;;;COLENER S.A.S.;SUPERSOCIEDADES;Antioquia;ANTIOQUIA;MEDELLIN-ANTIOQUIA
;;;;Evonik Colombia SAS;SUPERSOCIEDADES;Antioquia;ANTIOQUIA;MEDELLIN-ANTIOQUIA
;;;;GENETICA BIOS S.A.S;SUPERSOCIEDADES;Antioquia;ANTIOQUIA;ENVIGADO-ANTIOQUIA
;;;;"MICROPLAST ANTONIO PALACIO & CIA SAS """;SUPERSOCIEDADES;Antioquia;ANTIOQUIA;MEDELLIN-ANTIOQUIA
;;;;HOGAR Y MODA SAS;SUPERSOCIEDADES;Antioquia;ANTIOQUIA;MEDELLIN-ANTIOQUIA
;;;;SERACIS LTDA;SUPERVIGILANCIA;Antioquia;ANTIOQUIA;MEDELLIN-ANTIOQUIA
;;;;TECNAS S.A BIC;SUPERSOCIEDADES;Antioquia;ANTIOQUIA;ITAGUI-ANTIOQUIA
;;;;LATINOAMERICANA DE CONSTRUCCIÓNES S.A.;SUPERSOCIEDADES;Antioquia;ANTIOQUIA;MEDELLIN-ANTIOQUIA
;;;;GASES INDUSTRIALES DE COLOMBIA S.A CRYOGAS S.A.;SUPERSOCIEDADES;Antioquia;ANTIOQUIA;ENVIGADO-ANTIOQUIA
;;;;Solenis Colombia S.A.S.;SUPERSOCIEDADES;Antioquia;ANTIOQUIA;GIRARDOTA-ANTIOQUIA
;;;;CARIBE MOTOR DE MEDELLIN S.A.S;SUPERSOCIEDADES;Antioquia;ANTIOQUIA;MEDELLIN-ANTIOQUIA
;;;;DISTRIBUIDORA TROPICANA SAS;SUPERSOCIEDADES;Antioquia;ANTIOQUIA;MEDELLIN-ANTIOQUIA
;;;;STANDARD GOLD DE COLOMBIA S.A.S;SUPERSOCIEDADES;Antioquia;ANTIOQUIA;MEDELLIN-ANTIOQUIA
;;;;DISTRIBUIDORA COLOMBIANA DE SENTIMIENTOS DE BELLEZA S.A.S.;SUPERSOCIEDADES;Antioquia;ANTIOQUIA;MEDELLIN-ANTIOQUIA
;;;;ASEAR S.A. E.S.P.;SUPERSOCIEDADES;Antioquia;ANTIOQUIA;MEDELLIN-ANTIOQUIA
;;;;BIOPLANTA PALMERA PARA EL DESARROLLO SAS;SUPERSOCIEDADES;Antioquia;ANTIOQUIA;CAREPA-ANTIOQUIA
;;;;Agrícola Sara Palma S.A.S.;SUPERSOCIEDADES;Antioquia;ANTIOQUIA;MEDELLIN-ANTIOQUIA
;;;;CONSTRUCTORA AIA SAS;SUPERSOCIEDADES;Antioquia;ANTIOQUIA;MEDELLIN-ANTIOQUIA
;;;;NUTRISER COLOMBIA SAS;SUPERSOCIEDADES;Antioquia;ANTIOQUIA;ITAGUI-ANTIOQUIA
;;;;CADENA S.A;SUPERSOCIEDADES;Antioquia;ANTIOQUIA;LA ESTRELLA-ANTIOQUIA
;;;;DYNA Y CIA S.A;SUPERSOCIEDADES;Antioquia;ANTIOQUIA;BELLO-ANTIOQUIA
;;;;PRAGMA S.A.;SUPERSOCIEDADES;Antioquia;ANTIOQUIA;MEDELLIN-ANTIOQUIA
;;;;Perez y Cardona SAS;SUPERSOCIEDADES;Antioquia;ANTIOQUIA;MEDELLIN-ANTIOQUIA
;;;;Operaciones Generales Suramericana S.A.S.;SUPERSOCIEDADES;Antioquia;ANTIOQUIA;MEDELLIN-ANTIOQUIA
;;;;HB FULLER COLOMBIA SAS;SUPERSOCIEDADES;Antioquia;ANTIOQUIA;RIONEGRO-ANTIOQUIA
;;;;NUVANT SAS;SUPERSOCIEDADES;Antioquia;ANTIOQUIA;SABANETA-ANTIOQUIA
;;;;INDUSTRIAS ALIMENTICIAS PERMAN SA;SUPERSOCIEDADES;Antioquia;ANTIOQUIA;MEDELLIN-ANTIOQUIA
;;;;CONSULTORIA EN GESTION DE RIESGOS SURAMERICANA S.A.S.;SUPERSOCIEDADES;Antioquia;ANTIOQUIA;MEDELLIN-ANTIOQUIA
;;;;LUM LOGISTIC S A S;SUPERSOCIEDADES;Antioquia;ANTIOQUIA;MEDELLIN-ANTIOQUIA
;;;;CHACAM TRADING SAS;SUPERSOCIEDADES;Antioquia;ANTIOQUIA;LA CEJA-ANTIOQUIA
;;;;FEDERAL SAS;SUPERSOCIEDADES;Antioquia;ANTIOQUIA;ITAGUI-ANTIOQUIA
;;;;FERROSVEL SAS;SUPERSOCIEDADES;Antioquia;ANTIOQUIA;MEDELLIN-ANTIOQUIA
;;;;Compañia de alimentos Antillana S.A.S.;SUPERSOCIEDADES;Antioquia;ANTIOQUIA;ENVIGADO-ANTIOQUIA
;;;;INDUSTRIA COLOMBIANA DE LOGISTICA Y TRANSPORTE SAS BIC;SUPERTRANSPORTE;Antioquia;ANTIOQUIA;ITAGUI-ANTIOQUIA
;;;;UNIBAN LOGISTICA S.A;SUPERTRANSPORTE;Antioquia;ANTIOQUIA;MEDELLIN-ANTIOQUIA
;;;;TRIPLE ALIANZA SAS;SUPERSOCIEDADES;Antioquia;ANTIOQUIA;ITAGUI-ANTIOQUIA
;;;;AGENCIA DE AUTOMOVILES S.A. AGENCIA DE AUTOMOVILES S.A.;SUPERSOCIEDADES;Antioquia;ANTIOQUIA;MEDELLIN-ANTIOQUIA
;;;;CACHARRIA MUNDIAL SAS;SUPERSOCIEDADES;Antioquia;ANTIOQUIA;MEDELLIN-ANTIOQUIA
;;;;INTERAMERICANA DE PRODUCTOS QUIMICOS S.A.S;SUPERSOCIEDADES;Antioquia;ANTIOQUIA;MEDELLIN-ANTIOQUIA
;;;;NAVAR ASOCIADOS S.A.S;SUPERSOCIEDADES;Antioquia;ANTIOQUIA;MEDELLIN-ANTIOQUIA
;;;;AYURA MOTOR S.A;SUPERSOCIEDADES;Antioquia;ANTIOQUIA;ENVIGADO-ANTIOQUIA
;;;;CONINSA S.A.S.;SUPERSOCIEDADES;Antioquia;ANTIOQUIA;MEDELLIN-ANTIOQUIA
;;;;MARROCAR S.A.S.;SUPERSOCIEDADES;Antioquia;ANTIOQUIA;MEDELLIN-ANTIOQUIA
;;;;Mattelsa SAS;SUPERSOCIEDADES;Antioquia;ANTIOQUIA;MEDELLIN-ANTIOQUIA
;;;;COMPAÑIA DE DISTRIBUCION Y TRANSPORTE S.A.S. BIC;SUPERTRANSPORTE;Antioquia;ANTIOQUIA;ITAGUI-ANTIOQUIA
;;;;COOPERATIVA DE VIGILANCIA Y SEGURIDAD PROFESIONAL DE ANTIOQUIA COOPEVIAN;SUPERVIGILANCIA;Antioquia;ANTIOQUIA;MEDELLIN-ANTIOQUIA
;;;;ATLETICO NACIONAL SA;SUPERSOCIEDADES;Antioquia;ANTIOQUIA;MEDELLIN-ANTIOQUIA
;;;;CORRUMED S.A.S.;SUPERSOCIEDADES;Antioquia;ANTIOQUIA;LA ESTRELLA-ANTIOQUIA
;;;;UNION ELECTRICA S.A. EN PROCESO DE NEGOCIACIÓN DE EMERGENCIA;SUPERSOCIEDADES;Antioquia;ANTIOQUIA;MEDELLIN-ANTIOQUIA
;;;;FRANCORP S.A.S;SUPERSOCIEDADES;Antioquia;ANTIOQUIA;MEDELLIN-ANTIOQUIA
;;;;TRONEX S.A.S.;SUPERSOCIEDADES;Antioquia;ANTIOQUIA;MEDELLIN-ANTIOQUIA
;;;;EMPAQUETADOS EL TRECE SAS;SUPERSOCIEDADES;Antioquia;ANTIOQUIA;ITAGUI-ANTIOQUIA
;;;;CELSA S.A.S;SUPERSOCIEDADES;Antioquia;ANTIOQUIA;GUARNE-ANTIOQUIA
;;;;CMX S.A.S;SUPERSOCIEDADES;Antioquia;ANTIOQUIA;MEDELLIN-ANTIOQUIA
;;;;Instituto Colombiano Del Dolor S.A.S;SUPERSALUD;Antioquia;ANTIOQUIA;MEDELLIN-ANTIOQUIA
;;;;JARAMILLO PETS S.A.S;SUPERSOCIEDADES;Antioquia;ANTIOQUIA;MEDELLIN-ANTIOQUIA
;;;;PALAREPAS SAS;SUPERSOCIEDADES;Antioquia;ANTIOQUIA;MEDELLIN-ANTIOQUIA
;;;;MANPOWER PROFESSIONAL LTDA;SUPERSOCIEDADES;Antioquia;ANTIOQUIA;ENVIGADO-ANTIOQUIA
;;;;AKZONOBEL S.A.S;SUPERSOCIEDADES;Antioquia;ANTIOQUIA;MEDELLIN-ANTIOQUIA
;;;;SCRIBE COLOMBIA SAS;SUPERSOCIEDADES;Antioquia;ANTIOQUIA;MEDELLIN-ANTIOQUIA
;;;;IG Services S.A.S.;SUPERSOCIEDADES;Antioquia;ANTIOQUIA;MEDELLIN-ANTIOQUIA
;;;;ALEMAUTOS S.A;SUPERSOCIEDADES;Antioquia;ANTIOQUIA;MEDELLIN-ANTIOQUIA
;;;;COMESTIBLES DAN SA;SUPERSOCIEDADES;Antioquia;ANTIOQUIA;MEDELLIN-ANTIOQUIA
;;;;OPPERAR COLOMBIA S.A.S;SUPERTRANSPORTE;Antioquia;ANTIOQUIA;MEDELLIN-ANTIOQUIA
;;;;CONQUIMICA S.A.S;SUPERSOCIEDADES;Antioquia;ANTIOQUIA;ITAGUI-ANTIOQUIA
;;;;Molinos Santa Marta S.A.S;SUPERSOCIEDADES;Antioquia;ANTIOQUIA;MEDELLIN-ANTIOQUIA
;;;;AGROSURA SAS ZOMAC;SUPERSOCIEDADES;Antioquia;ANTIOQUIA;SALGAR-ANTIOQUIA
;;;;Promotora Medica Y Odontologica De Antioquia S.A;SUPERSALUD;Antioquia;ANTIOQUIA;MEDELLIN-ANTIOQUIA
;;;;GONVARRI MS COLOMBIA S.A.S;SUPERSOCIEDADES;Antioquia;ANTIOQUIA;ITAGUI-ANTIOQUIA
;;;;TRANSPORTADORA DE METANO E.S.P. S.A.;SUPERSERVICIOS;Antioquia;ANTIOQUIA;MEDELLIN-ANTIOQUIA
;;;;MICRODENIER S.A.;SUPERSOCIEDADES;Antioquia;ANTIOQUIA;ITAGUI-ANTIOQUIA
;;;;PRODENVASES SAS;SUPERSOCIEDADES;Antioquia;ANTIOQUIA;MEDELLIN-ANTIOQUIA
;;;;GLOBAL SERVICE PHARMACEUTICAL SAS;SUPERSOCIEDADES;Antioquia;ANTIOQUIA;MEDELLIN-ANTIOQUIA
;;;;IVANAGROS.A;SUPERSOCIEDADES;Antioquia;ANTIOQUIA;MEDELLIN-ANTIOQUIA
;;;;MILAGROS ENTERPRISE GROUP SAS;SUPERSOCIEDADES;Antioquia;ANTIOQUIA;LA ESTRELLA-ANTIOQUIA
;;;;AVERY DENNISON COLOMBIA SAS;SUPERSOCIEDADES;Antioquia;ANTIOQUIA;ENVIGADO-ANTIOQUIA
;;;;MAPEI COLOMBIA S.A.S.;SUPERSOCIEDADES;Antioquia;ANTIOQUIA;LA ESTRELLA-ANTIOQUIA
;;;;SANDVIK COLOMBIA S A S;SUPERSOCIEDADES;Antioquia;ANTIOQUIA;GIRARDOTA-ANTIOQUIA
;;;;RECUPERAR SAS;SUPERSOCIEDADES;Antioquia;ANTIOQUIA;ITAGUI-ANTIOQUIA
;;;;PRODUCTOS RIKATAS SAS;SUPERSOCIEDADES;Antioquia;ANTIOQUIA;MEDELLIN-ANTIOQUIA
;;;;OCELOTE MINERALS SAS;SUPERSOCIEDADES;Antioquia;ANTIOQUIA;MEDELLIN-ANTIOQUIA
;;;;COMERCIALIZADORA INTERNACIONAL BANA RICA S.A;SUPERSOCIEDADES;Antioquia;ANTIOQUIA;MEDELLIN-ANTIOQUIA
;;;;ESTRATEGIA COMERCIAL DE COLOMBIA SAS;SUPERSOCIEDADES;Antioquia;ANTIOQUIA;SABANETA-ANTIOQUIA
;;;;INGENIERIA TRANSPORTE Y MAQUINARIA SAS;SUPERSOCIEDADES;Antioquia;ANTIOQUIA;ENVIGADO-ANTIOQUIA
;;;;Grupo Oncologico Internacional S.A. Y/O Clinica De Oncología Astorga;SUPERSALUD;Antioquia;ANTIOQUIA;MEDELLIN-ANTIOQUIA
;;;;INDUSTRIAS ALIADAS S.A.S.;SUPERSOCIEDADES;Antioquia;ANTIOQUIA;MEDELLIN-ANTIOQUIA
;;;;AGRICOLA SANTAMARIA S.A.S;SUPERSOCIEDADES;Antioquia;ANTIOQUIA;MEDELLIN-ANTIOQUIA
;;;;GRUPO LITORAL S.A.S;SUPERSOCIEDADES;Antioquia;ANTIOQUIA;MEDELLIN-ANTIOQUIA
;;;;LABORATORIOS DELTA SAS;SUPERSOCIEDADES;Antioquia;ANTIOQUIA;RIONEGRO-ANTIOQUIA
;;;;ODINSA S.A.;SUPERFINANCIERA;Antioquia;ANTIOQUIA;MEDELLIN-ANTIOQUIA
;;;;ANTIOQUEÑA DE AUTOMOTORES Y REPUESTOS S.A.;SUPERSOCIEDADES;Antioquia;ANTIOQUIA;MEDELLIN-ANTIOQUIA
;;;;MCM COMPANY S.A.S.;SUPERSOCIEDADES;Antioquia;ANTIOQUIA;MEDELLIN-ANTIOQUIA
;;;;EXPLANAN SAS;SUPERSOCIEDADES;Antioquia;ANTIOQUIA;MEDELLIN-ANTIOQUIA
;;;;COMERCIALIZADORA INTERNACIONAL OROMETRO S.A.S.;SUPERSOCIEDADES;Antioquia;ANTIOQUIA;MEDELLIN-ANTIOQUIA
;;;;LICOSINU S.A.S;SUPERSOCIEDADES;Antioquia;ANTIOQUIA;MEDELLIN-ANTIOQUIA
;;;;DISTRIBUIDORA KIRAMAR S.A.SDISTRIBUIDORA KIRAMAR SAS;SUPERSOCIEDADES;Antioquia;ANTIOQUIA;BELLO-ANTIOQUIA
;;;;COLOMBIANA FLEXOGRAFICA DE PLASTICOS SAS;SUPERSOCIEDADES;Antioquia;ANTIOQUIA;ITAGUI-ANTIOQUIA
;;;;COMERCIAL +BIOS S.A.S;SUPERSOCIEDADES;Antioquia;ANTIOQUIA;ENVIGADO-ANTIOQUIA
;;;;Laboratorio Clinico Colmedicos Ips S.A.S - Colmedicos S.A.S;SUPERSALUD;Antioquia;ANTIOQUIA;MEDELLIN-ANTIOQUIA
;;;;INVERSIONES LA BUONAVITA SAS;SUPERSOCIEDADES;Antioquia;ANTIOQUIA;MEDELLIN-ANTIOQUIA
;;;;Productora y comercializadora odontologica New Stetic S.A;SUPERSOCIEDADES;Antioquia;ANTIOQUIA;GUARNE-ANTIOQUIA
;;;;PRODUCTOS FAMILIA RIONEGRO S.A.S;SUPERSOCIEDADES;Antioquia;ANTIOQUIA;RIONEGRO-ANTIOQUIA
;;;;ACEROS MAPA S.A.;SUPERSOCIEDADES;Antioquia;ANTIOQUIA;ITAGUI-ANTIOQUIA
;;;;TRANSPORTADORA DE CARGA ANTIOQUIA S.A.S.;SUPERTRANSPORTE;Antioquia;ANTIOQUIA;SABANETA-ANTIOQUIA
;;;;SEGURIDAD RECORD DE COLOMBIA LTDA;SUPERVIGILANCIA;Antioquia;ANTIOQUIA;MEDELLIN-ANTIOQUIA
;;;;JARABA Y ASOCIADOS S.A.S;SUPERSOCIEDADES;Antioquia;ANTIOQUIA;MEDELLIN-ANTIOQUIA
;;;;SUPERMERCADOS MERKAHORRO SAS;SUPERSOCIEDADES;Antioquia;ANTIOQUIA;GIRARDOTA-ANTIOQUIA
;;;;ESTACIONES INNOVADORAS SAS;SUPERSOCIEDADES;Antioquia;ANTIOQUIA;MEDELLIN-ANTIOQUIA
;;;;SIMEX;SUPERSOCIEDADES;Antioquia;ANTIOQUIA;ENVIGADO-ANTIOQUIA
;;;;GRUPO IMSA S.A.;SUPERFINANCIERA;Antioquia;ANTIOQUIA;MEDELLIN-ANTIOQUIA
;;;;PAPELES Y NEGOCIOS S.A.;SUPERSOCIEDADES;Antioquia;ANTIOQUIA;MEDELLIN-ANTIOQUIA
;;;;INVERSIONES BONANZA J Y C SOCIEDAD ANONIMA SIMPLIFICADA O IBJYC SAS;SUPERSOCIEDADES;Antioquia;ANTIOQUIA;MEDELLIN-ANTIOQUIA
;;;;Eche SAS;SUPERSOCIEDADES;Antioquia;ANTIOQUIA;MEDELLIN-ANTIOQUIA
;;;;INVERPRIMOS SAS;SUPERSOCIEDADES;Antioquia;ANTIOQUIA;MEDELLIN-ANTIOQUIA
;;;;ELECTRO PORCELANA GAMMA S.A.S.;SUPERSOCIEDADES;Antioquia;ANTIOQUIA;SABANETA-ANTIOQUIA
;;;;CUARZO AMARILLO S.A.S.;SUPERSOCIEDADES;Antioquia;ANTIOQUIA;MEDELLIN-ANTIOQUIA
;;;;VIAS Y EXPLANACIONES S.A.;SUPERSOCIEDADES;Antioquia;ANTIOQUIA;MEDELLIN-ANTIOQUIA
;;;;ST JUDE MEDICAL COLOMBIA LTDA;SUPERSOCIEDADES;Antioquia;ANTIOQUIA;MEDELLIN-ANTIOQUIA
;;;;"IDOM CONSULTING; ENGINEERING; ARCHITECTURE S.A.U.";SUPERSOCIEDADES;Antioquia;ANTIOQUIA;MEDELLIN-ANTIOQUIA
;;;;BEMA S.A.S;SUPERSOCIEDADES;Antioquia;ANTIOQUIA;MEDELLIN-ANTIOQUIA
;;;;IGB MOTORCYCLE PARTS S.A.S;SUPERSOCIEDADES;Antioquia;ANTIOQUIA;LA ESTRELLA-ANTIOQUIA
;;;;EMERGIA CUSTOMER CARE COLOMBIA S.A.S.;SUPERSOCIEDADES;Antioquia;ANTIOQUIA;SABANETA-ANTIOQUIA
;;;;MUNDIAL DE REPUESTOS DE MOTOS SAS;SUPERSOCIEDADES;Antioquia;ANTIOQUIA;MEDELLIN-ANTIOQUIA
;;;;HL COMBUSTIBLES SAS;SUPERSOCIEDADES;Antioquia;ANTIOQUIA;MEDELLIN-ANTIOQUIA
;;;;EL ROBLE MOTOR S.A.S.;SUPERSOCIEDADES;Antioquia;ANTIOQUIA;MEDELLIN-ANTIOQUIA
;;;;Inversiones Dama Salud Sas;SUPERSALUD;Antioquia;ANTIOQUIA;MEDELLIN-ANTIOQUIA
;;;;AGRO GRAIN SA;SUPERSOCIEDADES;Antioquia;ANTIOQUIA;SABANETA-ANTIOQUIA
;;;;GENIUS SPORTS SERVICES COLOMBIA S.A.S.;SUPERSOCIEDADES;Antioquia;ANTIOQUIA;MEDELLIN-ANTIOQUIA
;;;;ABC CORPORATION S.A.S.;SUPERSOCIEDADES;Antioquia;ANTIOQUIA;MEDELLIN-ANTIOQUIA
;;;;CARNICOS Y ALIMENTOS S.A.S;SUPERSOCIEDADES;Antioquia;ANTIOQUIA;MEDELLIN-ANTIOQUIA
;;;;SOCODA SAS;SUPERSOCIEDADES;Antioquia;ANTIOQUIA;GUARNE-ANTIOQUIA
;;;;PAULANDIA SAS;SUPERSOCIEDADES;Antioquia;ANTIOQUIA;BARBOSA-ANTIOQUIA
;;;;QUIMTIA SAS;SUPERSOCIEDADES;Antioquia;ANTIOQUIA;MEDELLIN-ANTIOQUIA
;;;;DISTRIBUCIONES RIOGRANDE S.A.S.;SUPERSOCIEDADES;Antioquia;ANTIOQUIA;DON MATIAS-ANTIOQUIA
;;;;COLHILADOS LTD;SUPERSOCIEDADES;Antioquia;ANTIOQUIA;RIONEGRO-ANTIOQUIA
;;;;CEDIALCO;SUPERSOCIEDADES;Antioquia;ANTIOQUIA;APARTADO-ANTIOQUIA
;;;;CONIX SAS;SUPERSOCIEDADES;Antioquia;ANTIOQUIA;MEDELLIN-ANTIOQUIA
;;;;O-TEK CENTRAL SAS;SUPERSOCIEDADES;Antioquia;ANTIOQUIA;MEDELLIN-ANTIOQUIA
;;;;Ascensores Schindler de Colombia SAS;SUPERSOCIEDADES;Antioquia;ANTIOQUIA;MEDELLIN-ANTIOQUIA
;;;;PANDAPAN DISTRIBUCIONES S.A.S.;SUPERSOCIEDADES;Antioquia;ANTIOQUIA;LA ESTRELLA-ANTIOQUIA
;;;;LIBREVILLE S.A.S.;SUPERSOCIEDADES;Antioquia;ANTIOQUIA;MEDELLIN-ANTIOQUIA
;;;;O-TEK INTERNACIONAL S.A.S.;SUPERSOCIEDADES;Antioquia;ANTIOQUIA;MEDELLIN-ANTIOQUIA
;;;;SUPERCERDO PAISA SAS;SUPERSOCIEDADES;Antioquia;ANTIOQUIA;MEDELLIN-ANTIOQUIA
;;;;PROVEEDORA SAN FERNANDO OROZCO SAS;SUPERSOCIEDADES;Antioquia;ANTIOQUIA;ITAGUI-ANTIOQUIA
;;;;QUIMICOS Y PLASTICOS INDUSTRIALES SAS;SUPERSOCIEDADES;Antioquia;ANTIOQUIA;ENVIGADO-ANTIOQUIA
;;;;ONELINK S.A.S.;SUPERSOCIEDADES;Antioquia;ANTIOQUIA;MEDELLIN-ANTIOQUIA
;;;;DIESEL ANDINO S.A;SUPERSOCIEDADES;Antioquia;ANTIOQUIA;ITAGUI-ANTIOQUIA
;;;;YOYO S.A.S.;SUPERSOCIEDADES;Antioquia;ANTIOQUIA;MEDELLIN-ANTIOQUIA
;;;;COMERCIALIZADORA Y REPRESENTACIONES ANTIOTRADING SAS;SUPERSOCIEDADES;Antioquia;ANTIOQUIA;SABANETA-ANTIOQUIA
;;;;COMERCIALIZADORA INTERNACIONAL ELEVEN CORPORATION S.A.S.;SUPERSOCIEDADES;Antioquia;ANTIOQUIA;MEDELLIN-ANTIOQUIA
;;;;AGUA BENDITA SAS;SUPERSOCIEDADES;Antioquia;ANTIOQUIA;SABANETA-ANTIOQUIA
;;;;COMERCIALIZADORA INTERNACIONAL TOSCANO GROUP SAS;SUPERSOCIEDADES;Antioquia;ANTIOQUIA;MEDELLIN-ANTIOQUIA
;;;;TEAM COMMUNICATIONS S.A;SUPERSOCIEDADES;Antioquia;ANTIOQUIA;MEDELLIN-ANTIOQUIA
;;;;MISION EMPRESARIAL SAS;SUPERSOCIEDADES;Antioquia;ANTIOQUIA;MEDELLIN-ANTIOQUIA
;;;;DAR AYUDA TEMPORAL SA;SUPERSOCIEDADES;Antioquia;ANTIOQUIA;MEDELLIN-ANTIOQUIA
;;;;INSUMOS Y AGREGADOS DE COLOMBIA S.A.S;SUPERSOCIEDADES;Antioquia;ANTIOQUIA;SABANETA-ANTIOQUIA
;;;;ALCANTARA ASOCIADOS S A S;SUPERSOCIEDADES;Antioquia;ANTIOQUIA;ITAGUI-ANTIOQUIA
;;;;PROQUIDENT S.A;SUPERSOCIEDADES;Antioquia;ANTIOQUIA;GUARNE-ANTIOQUIA
;;;;ALMACEN RODAMIENTOS SA;SUPERSOCIEDADES;Antioquia;ANTIOQUIA;MEDELLIN-ANTIOQUIA
;;;;DISWIFARMA S.A.S;SUPERSOCIEDADES;Antioquia;ANTIOQUIA;MEDELLIN-ANTIOQUIA
;;;;PLAZA MAYOR MEDELLIN CONVENCIONES Y EXPOSICIONES S.A.;SUPERSOCIEDADES;Antioquia;ANTIOQUIA;MEDELLIN-ANTIOQUIA
;;;;SERVICIO AEREO DE CAPURGANA S.A;SUPERTRANSPORTE;Antioquia;ANTIOQUIA;MEDELLIN-ANTIOQUIA
;;;;LA RECETA Y CIA S.A.S;SUPERSOCIEDADES;Antioquia;ANTIOQUIA;MEDELLIN-ANTIOQUIA
;;;;JARAMILLO RUENDES & ASOCIADOS S.A.S.;SUPERSOCIEDADES;Antioquia;ANTIOQUIA;MEDELLIN-ANTIOQUIA
;;;;ALIANZA MAYORISTA S.AS.;SUPERSOCIEDADES;Antioquia;ANTIOQUIA;ITAGUI-ANTIOQUIA
;;;;WESTFALIA FRUIT COLOMBIA SAS;SUPERSOCIEDADES;Antioquia;ANTIOQUIA;GUARNE-ANTIOQUIA
;;;;CONCENTRIX SERVICIOS COLOMBIA S.A.S.;SUPERSOCIEDADES;Antioquia;ANTIOQUIA;BELLO-ANTIOQUIA
;;;;DOBLAMOS S.A.S;SUPERSOCIEDADES;Antioquia;ANTIOQUIA;MEDELLIN-ANTIOQUIA
;;;;EDEMCO S.A.S;SUPERSOCIEDADES;Antioquia;ANTIOQUIA;MEDELLIN-ANTIOQUIA
;;;;DISTRIBUIDORA COLOMBIA GC SAS;SUPERSOCIEDADES;Antioquia;ANTIOQUIA;MEDELLIN-ANTIOQUIA
;;;;AUTOZEN SAS;SUPERSOCIEDADES;Antioquia;ANTIOQUIA;ENVIGADO-ANTIOQUIA
;;;;Clinica Antioquia S.A.;SUPERSALUD;Antioquia;ANTIOQUIA;ITAGUI-ANTIOQUIA
;;;;SURTIALIMENTOS S.A.S.;SUPERSOCIEDADES;Antioquia;ANTIOQUIA;MEDELLIN-ANTIOQUIA
;;;;RTD SAS;SUPERSOCIEDADES;Antioquia;ANTIOQUIA;BELLO-ANTIOQUIA
;;;;SUPERMERCADOS DINASTIA LA ABUNDANCIA SAS;SUPERSOCIEDADES;Antioquia;ANTIOQUIA;ITAGUI-ANTIOQUIA
;;;;MEJIA ACEVEDO S.A.S;SUPERSOCIEDADES;Antioquia;ANTIOQUIA;ITAGUI-ANTIOQUIA
;;;;DEPOSITO DE DROGAS MONACO;SUPERSOCIEDADES;Antioquia;ANTIOQUIA;MEDELLIN-ANTIOQUIA
;;;;INDUSTRIAS DE ALUMINIO ARQUITECTONICO Y VENTANERIA SAS - ALCO SAS;SUPERSOCIEDADES;Antioquia;ANTIOQUIA;SABANETA-ANTIOQUIA
;;;;INVERSIONES MAXIFRUVER S.A.S.;SUPERSOCIEDADES;Antioquia;ANTIOQUIA;MEDELLIN-ANTIOQUIA
;;;;ADITIVOS Y QUIMICOS S.A.S;SUPERSOCIEDADES;Antioquia;ANTIOQUIA;GUARNE-ANTIOQUIA
;;;;COMPLEMENTOS HUMANOS S.A.S.;SUPERSOCIEDADES;Antioquia;ANTIOQUIA;MEDELLIN-ANTIOQUIA
;;;;ALMACENES FLAMINGO S.A;SUPERSOCIEDADES;Antioquia;ANTIOQUIA;MEDELLIN-ANTIOQUIA
;;;;PLASMAR SAS;SUPERSOCIEDADES;Antioquia;ANTIOQUIA;MEDELLIN-ANTIOQUIA
;;;;CONSTRUCTORA AGATA SAS;SUPERSOCIEDADES;Antioquia;ANTIOQUIA;MEDELLIN-ANTIOQUIA
;;;;SOFKA TECHNOLOGIES S.A.S.;SUPERSOCIEDADES;Antioquia;ANTIOQUIA;MEDELLIN-ANTIOQUIA
;;;;LAUMAYER COLOMBIANA COMERCIALIZADORA S.A.S;SUPERSOCIEDADES;Antioquia;ANTIOQUIA;MEDELLIN-ANTIOQUIA
;;;;NEGOCIOS CORE S.A.S.;SUPERSOCIEDADES;Antioquia;ANTIOQUIA;ITAGUI-ANTIOQUIA
;;;;COMERCIALIZADORA S.YE. Y CIA S.A.S;SUPERSOCIEDADES;Antioquia;ANTIOQUIA;GUARNE-ANTIOQUIA
;;;;PLASTICOS TRUHER S.A.;SUPERSOCIEDADES;Antioquia;ANTIOQUIA;SABANETA-ANTIOQUIA
;;;;R&R Lubricantes SAS;SUPERSOCIEDADES;Antioquia;ANTIOQUIA;ITAGUI-ANTIOQUIA
;;;;SERVICIOS ESPECIALIZADOS DE TECNOLOGIA E INFORMATICA SETI SAS;SUPERSOCIEDADES;Antioquia;ANTIOQUIA;MEDELLIN-ANTIOQUIA
;;;;DOTAKONDOR SAS;SUPERSOCIEDADES;Antioquia;ANTIOQUIA;MEDELLIN-ANTIOQUIA
;;;;ACEROS TURIA DE COLOMBIA SAS;SUPERSOCIEDADES;Antioquia;ANTIOQUIA;MEDELLIN-ANTIOQUIA
;;;;CENTRO SUR S.A.S.;SUPERSOCIEDADES;Antioquia;ANTIOQUIA;ENVIGADO-ANTIOQUIA
;;;;VIAPPIANI DE COLOMBIA S.A.S;SUPERSOCIEDADES;Antioquia;ANTIOQUIA;LA CEJA-ANTIOQUIA
;;;;PROCO INC;SUPERSOCIEDADES;Antioquia;ANTIOQUIA;RIONEGRO-ANTIOQUIA
;;;;CORRUGADOS DEL DARIEN S.A.S;SUPERSOCIEDADES;Antioquia;ANTIOQUIA;ENVIGADO-ANTIOQUIA
;;;;Huawei Technologies Managed Service COlombia S.A.S.;SUPERSOCIEDADES;Antioquia;ANTIOQUIA;MEDELLIN-ANTIOQUIA
;;;;PROCOPAL S.A.;SUPERSOCIEDADES;Antioquia;ANTIOQUIA;MEDELLIN-ANTIOQUIA
;;;;ABURRA SAS;SUPERSOCIEDADES;Antioquia;ANTIOQUIA;LA ESTRELLA-ANTIOQUIA
;;;;InverBosques S.A;SUPERSOCIEDADES;Antioquia;ANTIOQUIA;ENVIGADO-ANTIOQUIA
;;;;PRODUCTOS ALIMENTICIOS ALCO S.A.S.;SUPERSOCIEDADES;Antioquia;ANTIOQUIA;ITAGUI-ANTIOQUIA
;;;;TECNOLOGIA ALIMENTARIA S.A.S. BIC;SUPERSOCIEDADES;Antioquia;ANTIOQUIA;ITAGUI-ANTIOQUIA
;;;;CFS LOGISTICS LLC SUCURSAL COLOMBIA;SUPERTRANSPORTE;Antioquia;ANTIOQUIA;APARTADO-ANTIOQUIA
;;;;DISCURRAMBA S.A.S.;SUPERSOCIEDADES;Antioquia;ANTIOQUIA;MEDELLIN-ANTIOQUIA
;;;;INGREDIENTES Y PRODUCTOS FUNCIONALES S.A.S.;SUPERSOCIEDADES;Antioquia;ANTIOQUIA;ITAGUI-ANTIOQUIA
;;;;CONSTRUCTORA ALTOS DE LA ABADIA;SUPERSOCIEDADES;Antioquia;ANTIOQUIA;MEDELLIN-ANTIOQUIA
;;;;SERVIREENCAUCHE DE COLOMBIA SA;SUPERSOCIEDADES;Antioquia;ANTIOQUIA;MEDELLIN-ANTIOQUIA
;;;;PRIMIUS SAS;SUPERSOCIEDADES;Antioquia;ANTIOQUIA;MEDELLIN-ANTIOQUIA
;;;;LONDOÑO GOMEZ S.A.S.;SUPERSOCIEDADES;Antioquia;ANTIOQUIA;MEDELLIN-ANTIOQUIA
;;;;Audiocom Ips;SUPERSALUD;Antioquia;ANTIOQUIA;MEDELLIN-ANTIOQUIA
;;;;CORLANC S.A.S;SUPERSOCIEDADES;Antioquia;ANTIOQUIA;SABANETA-ANTIOQUIA
;;;;CEM ELECTRONIX S.A.S;SUPERSOCIEDADES;Antioquia;ANTIOQUIA;MEDELLIN-ANTIOQUIA
;;;;INDUSTRIA PAPELERA INDUGEVI S.A.S;SUPERSOCIEDADES;Antioquia;ANTIOQUIA;SABANETA-ANTIOQUIA
;;;;JUAN NEUSTADTEL S.A.S.;SUPERSOCIEDADES;Antioquia;ANTIOQUIA;ENVIGADO-ANTIOQUIA
;;;;MUNDO YAMAHA SA;SUPERSOCIEDADES;Antioquia;ANTIOQUIA;MEDELLIN-ANTIOQUIA
;;;;INDUSTRAS VEGA NATIPAN SAS;SUPERSOCIEDADES;Antioquia;ANTIOQUIA;BELLO-ANTIOQUIA
;;;;FERRETERIA LOS FIERROS SAS;SUPERSOCIEDADES;Antioquia;ANTIOQUIA;ITAGUI-ANTIOQUIA
;;;;DISTRIBUIDORA SURTIVEL SAS;SUPERSOCIEDADES;Antioquia;ANTIOQUIA;CAUCASIA-ANTIOQUIA
;;;;EL ZARZAL S.A.;SUPERSOCIEDADES;Antioquia;ANTIOQUIA;MEDELLIN-ANTIOQUIA
;;;;Pavimentar SA;SUPERSOCIEDADES;Antioquia;ANTIOQUIA;MEDELLIN-ANTIOQUIA
;;;;DISPRESCO SAS;SUPERSOCIEDADES;Antioquia;ANTIOQUIA;ITAGUI-ANTIOQUIA
;;;;BARRABAS INVERSIONES SAS;SUPERSOCIEDADES;Antioquia;ANTIOQUIA;MEDELLIN-ANTIOQUIA
;;;;ASCENDER SAS;SUPERSOCIEDADES;Antioquia;ANTIOQUIA;LA ESTRELLA-ANTIOQUIA
;;;;ESPUMAS MEDELLIN S.A;SUPERSOCIEDADES;Antioquia;ANTIOQUIA;LA ESTRELLA-ANTIOQUIA
;;;;MAPER SAS;SUPERSOCIEDADES;Antioquia;ANTIOQUIA;LA ESTRELLA-ANTIOQUIA
;;;;lacteos el galan sa;SUPERSOCIEDADES;Antioquia;ANTIOQUIA;ENTRERRIOS-ANTIOQUIA
;;;;SERVICIOS GENERALES SURAMERICANA S. A.S;SUPERSOCIEDADES;Antioquia;ANTIOQUIA;MEDELLIN-ANTIOQUIA
;;;;SISTEMA ALIMENTADOR ORIENTAL SAS;SUPERTRANSPORTE;Antioquia;ANTIOQUIA;MEDELLIN-ANTIOQUIA
;;;;SELECTA COMPAÑIA DE CEREALES SAS;SUPERSOCIEDADES;Antioquia;ANTIOQUIA;LA ESTRELLA-ANTIOQUIA
;;;;TIEMPOS SAS;SUPERSOCIEDADES;Antioquia;ANTIOQUIA;MEDELLIN-ANTIOQUIA
;;;;SEGURIDAD ATEMPI DE COLOMBIA LTDA;SUPERVIGILANCIA;Antioquia;ANTIOQUIA;MEDELLIN-ANTIOQUIA
;;;;"SETAS COLOMBIANAS S.A ""SETAS S.A";SUPERSOCIEDADES;Antioquia;ANTIOQUIA;MEDELLIN-ANTIOQUIA
;;;;SULFOQUIMICA S.A.;SUPERSOCIEDADES;Antioquia;ANTIOQUIA;ITAGUI-ANTIOQUIA
;;;;"CASA FERRETERA S.A.S
COMERCIALIZACION DE INSUMOS DE FERRETERIA Y MAQUINARIA LIVIANA
G4663 - Comercio al por mayor de materiales de construcción; artículos de ferretería; pinturas; productos de vidrio; equipo y materiales de fontanería y calefacción
01. AN";SUPERSOCIEDADES;Antioquia;ANTIOQUIA;MEDELLIN-ANTIOQUIA
;;;;ESPECIALIDADES OFTALMOLOGICAS SA;SUPERSOCIEDADES;Antioquia;ANTIOQUIA;MEDELLIN-ANTIOQUIA
;;;;De la granja Antioquia S.A.S;SUPERSOCIEDADES;Antioquia;ANTIOQUIA;ITAGUI-ANTIOQUIA
;;;;RANKING SPORT SAS;SUPERSOCIEDADES;Antioquia;ANTIOQUIA;MEDELLIN-ANTIOQUIA
;;;;CI FLORES DE LA VEGA SAS;SUPERSOCIEDADES;Antioquia;ANTIOQUIA;RIONEGRO-ANTIOQUIA
;;;;ENETEL SAS;SUPERSOCIEDADES;Antioquia;ANTIOQUIA;MEDELLIN-ANTIOQUIA
;;;;H Y R DISTRIBUCIONES S.A.S.;SUPERSOCIEDADES;Antioquia;ANTIOQUIA;ITAGUI-ANTIOQUIA
;;;;SOCIEDAD DE COMERCIALIZACION INTERNACIONAL DE NEGOCIOS NARANJA Y TECNOLOGIA FINANCIERA S.A.S BIC;SUPERSOCIEDADES;Antioquia;ANTIOQUIA;MEDELLIN-ANTIOQUIA
;;;;GR LOGISTICA INTEGRAL S.A.S.;SUPERTRANSPORTE;Antioquia;ANTIOQUIA;MEDELLIN-ANTIOQUIA
;;;;ALIMENTOS SEVILLA SAS;SUPERSOCIEDADES;Antioquia;ANTIOQUIA;MEDELLIN-ANTIOQUIA
;;;;ASEO Y SOSTENIMIENTO Y COMPAÑIA S.A.;SUPERSOCIEDADES;Antioquia;ANTIOQUIA;MEDELLIN-ANTIOQUIA
;;;;CI DISTRIHOGAR SAS;SUPERSOCIEDADES;Antioquia;ANTIOQUIA;LA ESTRELLA-ANTIOQUIA
;;;;CEIBA SOFTWARE HOUSE S.A.S.;SUPERSOCIEDADES;Antioquia;ANTIOQUIA;MEDELLIN-ANTIOQUIA
;;;;ZOILO INVERSIONES SAS;SUPERSOCIEDADES;Antioquia;ANTIOQUIA;MEDELLIN-ANTIOQUIA
;;;;INVERSIONES SANIN PEREZ;SUPERSOCIEDADES;Antioquia;ANTIOQUIA;MEDELLIN-ANTIOQUIA
;;;;CONCENTRIX CRM COLOMBIA SAS;SUPERSOCIEDADES;Antioquia;ANTIOQUIA;BELLO-ANTIOQUIA
;;;;PISENDE SAS;SUPERSOCIEDADES;Antioquia;ANTIOQUIA;MEDELLIN-ANTIOQUIA
;;;;AGUAS REGIONALES EPM S.A E.S.P;SUPERSERVICIOS;Antioquia;ANTIOQUIA;APARTADO-ANTIOQUIA
;;;;CAFE DE SANTA BARBARA S.A.S.;SUPERSOCIEDADES;Antioquia;ANTIOQUIA;MEDELLIN-ANTIOQUIA
;;;;HIERROS MADEBELLO SAS;SUPERSOCIEDADES;Antioquia;ANTIOQUIA;BELLO-ANTIOQUIA
;;;;MENSULA SAS;SUPERSOCIEDADES;Antioquia;ANTIOQUIA;MEDELLIN-ANTIOQUIA
;;;;JABATO INVERSIONES S.A.S.;SUPERSOCIEDADES;Antioquia;ANTIOQUIA;MEDELLIN-ANTIOQUIA
;;;;AGROINDUSTRIAS LOS ROBLES S.A.S;SUPERSOCIEDADES;Antioquia;ANTIOQUIA;SABANETA-ANTIOQUIA
;;;;AUTOFAX SA;SUPERSOCIEDADES;Antioquia;ANTIOQUIA;MEDELLIN-ANTIOQUIA
;;;;ABSORBENTES DE COLOMBIA SA;SUPERSOCIEDADES;Antioquia;ANTIOQUIA;RIONEGRO-ANTIOQUIA
;;;;TIERRUCA S.A.S.;SUPERSOCIEDADES;Antioquia;ANTIOQUIA;MEDELLIN-ANTIOQUIA
;;;;Organizacion Santa Lucia S.A.;SUPERSALUD;Antioquia;ANTIOQUIA;MEDELLIN-ANTIOQUIA
;;;;VENTAS DOBLE G S.A.S. EN REORGANIZACION;SUPERSOCIEDADES;Antioquia;ANTIOQUIA;ITAGUI-ANTIOQUIA
;;;;ByB Constructores sas;SUPERSOCIEDADES;Antioquia;ANTIOQUIA;MEDELLIN-ANTIOQUIA
;;;;INDUSTRIAS ESTRA S.A.;SUPERFINANCIERA;Antioquia;ANTIOQUIA;MEDELLIN-ANTIOQUIA
;;;;ANDINA DE CONSTRUCCIÓNES Y ASOCIADOS SAS;SUPERSOCIEDADES;Antioquia;ANTIOQUIA;SABANETA-ANTIOQUIA
;;;;UNION COMERCIAL ROPTIE S A;SUPERSOCIEDADES;Antioquia;ANTIOQUIA;ITAGUI-ANTIOQUIA
;;;;MANE SUCURSAL COLOMBIA;SUPERSOCIEDADES;Antioquia;ANTIOQUIA;GUARNE-ANTIOQUIA
;;;;INTEGRAL S.A.;SUPERSOCIEDADES;Antioquia;ANTIOQUIA;MEDELLIN-ANTIOQUIA
;;;;SARY S.A.S;SUPERSOCIEDADES;Antioquia;ANTIOQUIA;LA ESTRELLA-ANTIOQUIA
;;;;COLPLAST SAS;SUPERSOCIEDADES;Antioquia;ANTIOQUIA;LA ESTRELLA-ANTIOQUIA
;;;;DISTRIBUCIONES FARMACEUTICAS HERSON S.A.S;SUPERSOCIEDADES;Antioquia;ANTIOQUIA;MEDELLIN-ANTIOQUIA
;;;;ARARY SAS;SUPERSOCIEDADES;Antioquia;ANTIOQUIA;COPACABANA-ANTIOQUIA
;;;;PERSONAL SOFT S.A.S;SUPERSOCIEDADES;Antioquia;ANTIOQUIA;MEDELLIN-ANTIOQUIA
;;;;Sociedad Medica Antioqueña S.A. Soma;SUPERSALUD;Antioquia;ANTIOQUIA;MEDELLIN-ANTIOQUIA
;;;;FRESHCOLOMBIA INTERNATIONAL SAS;SUPERSOCIEDADES;Antioquia;ANTIOQUIA;RIONEGRO-ANTIOQUIA
;;;;GRUPO AL SAS;SUPERSOCIEDADES;Antioquia;ANTIOQUIA;SABANETA-ANTIOQUIA
;;;;ABRASIVOS DE COLOMBIA S.A;SUPERSOCIEDADES;Antioquia;ANTIOQUIA;GIRARDOTA-ANTIOQUIA
;;;;INGELECTRICA;SUPERSOCIEDADES;Antioquia;ANTIOQUIA;MEDELLIN-ANTIOQUIA
;;;;ANTIOQUEÑA DE COMBUSTIBLES SAS;SUPERSOCIEDADES;Antioquia;ANTIOQUIA;COPACABANA-ANTIOQUIA
;;;;IMPORTADORA NIPON SA;SUPERSOCIEDADES;Antioquia;ANTIOQUIA;MEDELLIN-ANTIOQUIA
;;;;ROSCOGAS S.A. E.S.P;SUPERSERVICIOS;Antioquia;ANTIOQUIA;La Ceja-ANTIOQUIA
;;;;SHIRLEY ZULUAGA SALAZAR Y CIA S.A.S.;SUPERSOCIEDADES;Antioquia;ANTIOQUIA;MEDELLIN-ANTIOQUIA
;;;;VARIADORES SAS;SUPERSOCIEDADES;Antioquia;ANTIOQUIA;MEDELLIN-ANTIOQUIA
;;;;SURAMERICANA DE TEXTILES S.A.S.;SUPERSOCIEDADES;Antioquia;ANTIOQUIA;ENVIGADO-ANTIOQUIA
;;;;UPS GLOBAL BUSINESS SERVICES COLOMBIA S.A.S;SUPERSOCIEDADES;Antioquia;ANTIOQUIA;MEDELLIN-ANTIOQUIA
;;;;TDM TRANSPORTES S.A.S.;SUPERTRANSPORTE;Antioquia;ANTIOQUIA;GIRARDOTA-ANTIOQUIA
;;;;FERRAGRO SAS;SUPERSOCIEDADES;Antioquia;ANTIOQUIA;ITAGUI-ANTIOQUIA
;;;;CARGO VOLCO SAS;SUPERTRANSPORTE;Antioquia;ANTIOQUIA;COPACABANA-ANTIOQUIA
;;;;Clinica De Oftalmologia Sandiego S.A;SUPERSALUD;Antioquia;ANTIOQUIA;MEDELLIN-ANTIOQUIA
;;;;MATERIALES SU CONSTRUCCIÓN S.A.S.;SUPERSOCIEDADES;Antioquia;ANTIOQUIA;MEDELLIN-ANTIOQUIA
;;;;PROEXCAR S.A.S.;SUPERSOCIEDADES;Antioquia;ANTIOQUIA;MEDELLIN-ANTIOQUIA
;;;;SOCIEDAD CENTRAL GANADERA S.A.;SUPERSOCIEDADES;Antioquia;ANTIOQUIA;MEDELLIN-ANTIOQUIA
;;;;INVERAGRO LA ACACIA S.A.S.;SUPERSOCIEDADES;Antioquia;ANTIOQUIA;MEDELLIN-ANTIOQUIA
;;;;ELECTROQUIMICA WEST S.A;SUPERSOCIEDADES;Antioquia;ANTIOQUIA;LA ESTRELLA-ANTIOQUIA
;;;;BICYCLETTE SAS;SUPERSOCIEDADES;Antioquia;ANTIOQUIA;MEDELLIN-ANTIOQUIA
;;;;CIALMASEG S A;SUPERSOCIEDADES;Antioquia;ANTIOQUIA;MEDELLIN-ANTIOQUIA
;;;;DOMINA ETREGA TOTAL S.A.S;SUPERSOCIEDADES;Antioquia;ANTIOQUIA;MEDELLIN-ANTIOQUIA
;;;;NUESTRA COCINA ARTESANAL SAS;SUPERSOCIEDADES;Antioquia;ANTIOQUIA;MEDELLIN-ANTIOQUIA
;;;;FINESTERRE S.A.S.;SUPERSOCIEDADES;Antioquia;ANTIOQUIA;MEDELLIN-ANTIOQUIA
;;;;ARISTIZABAL JOYEROS SAS;SUPERSOCIEDADES;Antioquia;ANTIOQUIA;MEDELLIN-ANTIOQUIA
;;;;CERDON SAS;SUPERSOCIEDADES;Antioquia;ANTIOQUIA;MEDELLIN-ANTIOQUIA
;;;;DISTRIBUIDORA EL AMAZONAS SAS;SUPERSOCIEDADES;Antioquia;ANTIOQUIA;ITAGUI-ANTIOQUIA
;;;;ADARGA SAS;SUPERSOCIEDADES;Antioquia;ANTIOQUIA;MEDELLIN-ANTIOQUIA
;;;;ZBC S.A.S;SUPERSOCIEDADES;Antioquia;ANTIOQUIA;MEDELLIN-ANTIOQUIA
;;;;Enlace Opertativo S.A.;SUPERSOCIEDADES;Antioquia;ANTIOQUIA;ITAGUI-ANTIOQUIA
;;;;SANEAR S.A;SUPERSOCIEDADES;Antioquia;ANTIOQUIA;MEDELLIN-ANTIOQUIA
;;;;TECNOLOGÍAS ALIMENTICIAS S.A.S.;SUPERSOCIEDADES;Antioquia;ANTIOQUIA;MEDELLIN-ANTIOQUIA
;;;;DISTRIBUIDORA MATEC SAS;SUPERSOCIEDADES;Antioquia;ANTIOQUIA;MEDELLIN-ANTIOQUIA
;;;;MULTIGRANOS LA ESPIGA SAS;SUPERSOCIEDADES;Antioquia;ANTIOQUIA;ITAGUI-ANTIOQUIA
;;;;ARTEXTIL SAS;SUPERSOCIEDADES;Antioquia;ANTIOQUIA;ITAGUI-ANTIOQUIA
;;;;ESCABOR S.A.S;SUPERSOCIEDADES;Antioquia;ANTIOQUIA;MEDELLIN-ANTIOQUIA
;;;;AUTOMATIZACION SA;SUPERSOCIEDADES;Antioquia;ANTIOQUIA;ENVIGADO-ANTIOQUIA
;;;;Fondo de Coberturas crediticias SAS;SUPERSOCIEDADES;Antioquia;ANTIOQUIA;ENVIGADO-ANTIOQUIA
;;;;DISTRIBUCCIONES AGUIRRE SIERRA SAS;SUPERSOCIEDADES;Antioquia;ANTIOQUIA;MEDELLIN-ANTIOQUIA
;;;;BONEM S.A.;SUPERSOCIEDADES;Antioquia;ANTIOQUIA;MEDELLIN-ANTIOQUIA
;;;;CHAFAROTUDO S.A.S.;SUPERSOCIEDADES;Antioquia;ANTIOQUIA;MEDELLIN-ANTIOQUIA
;;;;STRACON INTERNATIONAL S. A. C. SUCURSAL COLOMBIA;SUPERSOCIEDADES;Antioquia;ANTIOQUIA;MEDELLIN-ANTIOQUIA
;;;;RAMA CUATRO S.A.S.;SUPERSOCIEDADES;Antioquia;ANTIOQUIA;MEDELLIN-ANTIOQUIA
;;;;INVERSIONES MIL VARIEDADES S.A.S;SUPERSOCIEDADES;Antioquia;ANTIOQUIA;MEDELLIN-ANTIOQUIA
;;;;TOCAR S.A.;SUPERSOCIEDADES;Antioquia;ANTIOQUIA;MARINILLA-ANTIOQUIA
;;;;POLINYLON S.A.;SUPERSOCIEDADES;Antioquia;ANTIOQUIA;ITAGUI-ANTIOQUIA
;;;;INVERSIONES SABINO SAS;SUPERSOCIEDADES;Antioquia;ANTIOQUIA;MEDELLIN-ANTIOQUIA
;;;;UMO SA;SUPERSOCIEDADES;Antioquia;ANTIOQUIA;GUARNE-ANTIOQUIA
;;;;IMBOCAR S.A.S;SUPERTRANSPORTE;Antioquia;ANTIOQUIA;MEDELLIN-ANTIOQUIA
;;;;CHT COLOMBIANA LTDA.;SUPERSOCIEDADES;Antioquia;ANTIOQUIA;SABANETA-ANTIOQUIA
;;;;ATB RIVA CALZONI COLOMBIA;SUPERSOCIEDADES;Antioquia;ANTIOQUIA;MEDELLIN-ANTIOQUIA
;;;;EQUIELECT SAS;SUPERSOCIEDADES;Antioquia;ANTIOQUIA;MEDELLIN-ANTIOQUIA
;;;;EKO RED S.A.S;SUPERSOCIEDADES;Antioquia;ANTIOQUIA;MEDELLIN-ANTIOQUIA
;;;;INVERSIONES CAMPOAMALIA SAS;SUPERSOCIEDADES;Antioquia;ANTIOQUIA;MEDELLIN-ANTIOQUIA
;;;;TRANSPORTES RAPIDO OCHOA S A;SUPERTRANSPORTE;Antioquia;ANTIOQUIA;MEDELLIN-ANTIOQUIA
;;;;DISTRILECHA SAS;SUPERSOCIEDADES;Antioquia;ANTIOQUIA;MEDELLIN-ANTIOQUIA
;;;;EL EQUIPO DEL PUEBLO S.A;SUPERSOCIEDADES;Antioquia;ANTIOQUIA;ITAGUI-ANTIOQUIA
;;;;DISTRiBUIDORA DE LUBRICANTES TERDEX SAS;SUPERSOCIEDADES;Antioquia;ANTIOQUIA;APARTADO-ANTIOQUIA
;;;;So Servicios Medicos Y Oftalmologicos S.A.S;SUPERSALUD;Antioquia;ANTIOQUIA;MEDELLIN-ANTIOQUIA
;;;;BAIKA COLOMBIA S.A.S.;SUPERSOCIEDADES;Antioquia;ANTIOQUIA;MEDELLIN-ANTIOQUIA
;;;;CONINTEL S.A.;SUPERSOCIEDADES;Antioquia;ANTIOQUIA;MEDELLIN-ANTIOQUIA
;;;;C.I. CALLA FARMS S.A.S.;SUPERSOCIEDADES;Antioquia;ANTIOQUIA;RIONEGRO-ANTIOQUIA
;;;;EDUARDO BOTERO SOTO S.A.;SUPERTRANSPORTE;Antioquia;ANTIOQUIA;ITAGUI-ANTIOQUIA
;;;;Abo Energy Colombia SAS;SUPERSOCIEDADES;Antioquia;ANTIOQUIA;MEDELLIN-ANTIOQUIA
;;;;Suplemedicos SAS;SUPERSOCIEDADES;Antioquia;ANTIOQUIA;ITAGUI-ANTIOQUIA
;;;;PCA PRODUCTORA Y COMERCIALIZADORA DE ALIMENTOS SAS;SUPERSOCIEDADES;Antioquia;ANTIOQUIA;JERICO-ANTIOQUIA
;;;;GRUPO ALV SAS;SUPERSOCIEDADES;Antioquia;ANTIOQUIA;MEDELLIN-ANTIOQUIA
;;;;INMOBILIARIA CONSTRUCTORA SERVING S.A.S;SUPERSOCIEDADES;Antioquia;ANTIOQUIA;RIONEGRO-ANTIOQUIA
;;;;ALGAR TECNOLOGIA S.A.S;SUPERSOCIEDADES;Antioquia;ANTIOQUIA;ENVIGADO-ANTIOQUIA
;;;;CALIDRA COLOMBIA SAS;SUPERSOCIEDADES;Antioquia;ANTIOQUIA;MEDELLIN-ANTIOQUIA
;;;;QUIMICOLOR SAS;SUPERSOCIEDADES;Antioquia;ANTIOQUIA;GUARNE-ANTIOQUIA
;;;;HUGE SAS;SUPERSOCIEDADES;Antioquia;ANTIOQUIA;MARINILLA-ANTIOQUIA
;;;;NUVA S.A.S.;SUPERSOCIEDADES;Antioquia;ANTIOQUIA;MEDELLIN-ANTIOQUIA
;;;;TRES PINOS S.A.S.;SUPERSOCIEDADES;Antioquia;ANTIOQUIA;MEDELLIN-ANTIOQUIA
;;;;GRANELES Y CARGA S.A.;SUPERTRANSPORTE;Antioquia;ANTIOQUIA;SABANETA-ANTIOQUIA
;;;;Nueva Clinica Sagrado Corazon S.A.S;SUPERSALUD;Antioquia;ANTIOQUIA;MEDELLIN-ANTIOQUIA
;;;;ADH PAPELES ADHESIVOS SAS;SUPERSOCIEDADES;Antioquia;ANTIOQUIA;MEDELLIN-ANTIOQUIA
;;;;ENERGIA Y POTENCIA S.A.S;SUPERSOCIEDADES;Antioquia;ANTIOQUIA;ITAGUI-ANTIOQUIA
;;;;DISPARTES SAS;SUPERSOCIEDADES;Antioquia;ANTIOQUIA;GIRARDOTA-ANTIOQUIA
;;;;LAUDAN OPERADORES SAS;SUPERSOCIEDADES;Antioquia;ANTIOQUIA;MEDELLIN-ANTIOQUIA
;;;;MICROMINERALES S.A.S;SUPERSOCIEDADES;Antioquia;ANTIOQUIA;COPACABANA-ANTIOQUIA
;;;;INGENIERIA INMOBILIARIA SAS;SUPERSOCIEDADES;Antioquia;ANTIOQUIA;MEDELLIN-ANTIOQUIA
;;;;GREEN SERVICES AND SOLUTIONS SAS;SUPERSOCIEDADES;Antioquia;ANTIOQUIA;MEDELLIN-ANTIOQUIA
;;;;IINDUSTRIAS METALICAS CORSAN SA;SUPERSOCIEDADES;Antioquia;ANTIOQUIA;ITAGUI-ANTIOQUIA
;;;;GTD COLOMBIA SAS;SUPERSOCIEDADES;Antioquia;ANTIOQUIA;MEDELLIN-ANTIOQUIA
;;;;VIRTUALSOFT SERVICIOS & SOFTWARE SAS;SUPERSOCIEDADES;Antioquia;ANTIOQUIA;MEDELLIN-ANTIOQUIA
;;;;GRANOS Y CEREALES LA FRIJOLERA SAS;SUPERSOCIEDADES;Antioquia;ANTIOQUIA;ITAGUI-ANTIOQUIA
;;;;AQUATERRA SAS;SUPERSOCIEDADES;Antioquia;ANTIOQUIA;MEDELLIN-ANTIOQUIA
;;;;MU MECANICOS UNIDOS S.A.S.;SUPERSOCIEDADES;Antioquia;ANTIOQUIA;ITAGUI-ANTIOQUIA
;;;;ÉXITO INDUSTRIAS S.A.S.;SUPERSOCIEDADES;Antioquia;ANTIOQUIA;ENVIGADO-ANTIOQUIA
;;;;AGROINDUSTRIA CARNICA DE AVANZADA S A S;SUPERSOCIEDADES;Antioquia;ANTIOQUIA;ENVIGADO-ANTIOQUIA
;;;;GRUPO LUZ Y FUERZA COLOMBIA S.A.S;SUPERSOCIEDADES;Antioquia;ANTIOQUIA;MEDELLIN-ANTIOQUIA
;;;;Ticsa Colombia;SUPERSOCIEDADES;Antioquia;ANTIOQUIA;MEDELLIN-ANTIOQUIA
;;;;CORTEACEROS S A;SUPERSOCIEDADES;Antioquia;ANTIOQUIA;ITAGUI-ANTIOQUIA
;;;;TOSTADITOS SUSANITA SAS;SUPERSOCIEDADES;Antioquia;ANTIOQUIA;MEDELLIN-ANTIOQUIA
;;;;AUTOMOTORA SAS;SUPERSOCIEDADES;Antioquia;ANTIOQUIA;MEDELLIN-ANTIOQUIA
;;;;Centro Cardiovascular Somer Incare S A;SUPERSALUD;Antioquia;ANTIOQUIA;RIONEGRO-ANTIOQUIA
;;;;AGRICOLA MAYORCA S.A.S.;SUPERSOCIEDADES;Antioquia;ANTIOQUIA;MEDELLIN-ANTIOQUIA
;;;;Corresponsales Colombia S.A.S;SUPERSOCIEDADES;Antioquia;ANTIOQUIA;MEDELLIN-ANTIOQUIA
;;;;CONTENTO BPS S.A;SUPERSOCIEDADES;Antioquia;ANTIOQUIA;ITAGUI-ANTIOQUIA
;;;;KAKARAKA SAS;SUPERSOCIEDADES;Antioquia;ANTIOQUIA;ITAGUI-ANTIOQUIA
;;;;LA MIGUERIA S.A.S;SUPERSOCIEDADES;Antioquia;ANTIOQUIA;MEDELLIN-ANTIOQUIA
;;;;SUPERORIENTE S.A;SUPERSOCIEDADES;Antioquia;ANTIOQUIA;RIONEGRO-ANTIOQUIA
;;;;INDUSTRIAS EMU SAS;SUPERSOCIEDADES;Antioquia;ANTIOQUIA;ITAGUI-ANTIOQUIA
;;;;Endava Colombia S.A.S;SUPERSOCIEDADES;Antioquia;ANTIOQUIA;MEDELLIN-ANTIOQUIA
;;;;LICORES DE LA SABANA LIMITADA;SUPERSOCIEDADES;Antioquia;ANTIOQUIA;ENVIGADO-ANTIOQUIA
;;;;COMPAÑIA DE ASPERSIONES AEREAS CONTROL B S.A.S ZOMAC;SUPERSOCIEDADES;Antioquia;ANTIOQUIA;APARTADO-ANTIOQUIA
;;;;FRANCISCO MURILLO S.AS.;SUPERSOCIEDADES;Antioquia;ANTIOQUIA;MEDELLIN-ANTIOQUIA
;;;;Autolux SAS;SUPERSOCIEDADES;Antioquia;ANTIOQUIA;MEDELLIN-ANTIOQUIA
;;;;PC MEJIA SA;SUPERSOCIEDADES;Antioquia;ANTIOQUIA;ITAGUI-ANTIOQUIA
;;;;HATCH S.A.S.;SUPERSOCIEDADES;Antioquia;ANTIOQUIA;MEDELLIN-ANTIOQUIA
;;;;IMPORTADORA CELESTE SA;SUPERSOCIEDADES;Antioquia;ANTIOQUIA;MEDELLIN-ANTIOQUIA
;;;;DALI JOYERIA RELOJERIA S.A.S;SUPERSOCIEDADES;Antioquia;ANTIOQUIA;MEDELLIN-ANTIOQUIA
;;;;RB SUPPLIES S.A.S;SUPERSOCIEDADES;Antioquia;ANTIOQUIA;GUARNE-ANTIOQUIA
;;;;ACEROS INDUSTRIALESS.A.S EN REORGANIZACION;SUPERSOCIEDADES;Antioquia;ANTIOQUIA;ITAGUI-ANTIOQUIA
;;;;FARMATECH S.A;SUPERSOCIEDADES;Antioquia;ANTIOQUIA;MEDELLIN-ANTIOQUIA
;;;;TOPLLANTAS S.A.S.;SUPERSOCIEDADES;Antioquia;ANTIOQUIA;ITAGUI-ANTIOQUIA
;;;;INDUSTRIAS PLASTICAS DE MEDELLIN SAS;SUPERSOCIEDADES;Antioquia;ANTIOQUIA;MEDELLIN-ANTIOQUIA
;;;;EMPAQUES Y SERVICIOS SUPERIORES SAS;SUPERSOCIEDADES;Antioquia;ANTIOQUIA;LA ESTRELLA-ANTIOQUIA
;;;;LABORATORIOS FUNAT SAS;SUPERSOCIEDADES;Antioquia;ANTIOQUIA;SABANETA-ANTIOQUIA
;;;;Instituto Del Corazon S.A.S;SUPERSALUD;Antioquia;ANTIOQUIA;MEDELLIN-ANTIOQUIA
;;;;ENERBIT SAS ESP;SUPERSERVICIOS;Antioquia;ANTIOQUIA;MEDELLIN-ANTIOQUIA
;;;;SERVI OIL DTC SAS;SUPERSOCIEDADES;Antioquia;ANTIOQUIA;MEDELLIN-ANTIOQUIA
;;;;LADRILLERA SAN CRISTOBAL S.A.;SUPERSOCIEDADES;Antioquia;ANTIOQUIA;MEDELLIN-ANTIOQUIA
;;;;ATESA DE OCCIDENTE S.A E.S.P.;SUPERSERVICIOS;Antioquia;ANTIOQUIA;MEDELLIN-ANTIOQUIA
;;;;AGROCOMERCIAL CAGIR SAS;SUPERSOCIEDADES;Antioquia;ANTIOQUIA;APARTADO-ANTIOQUIA
;;;;MERCADOS UNIDOS ALIADOS SAS;SUPERSOCIEDADES;Antioquia;ANTIOQUIA;ITAGUI-ANTIOQUIA
;;;;QUIMICA ORION SAS;SUPERSOCIEDADES;Antioquia;ANTIOQUIA;GUARNE-ANTIOQUIA
;;;;PROMOTORA ENTRE MARES S.A.S.;SUPERSOCIEDADES;Antioquia;ANTIOQUIA;MEDELLIN-ANTIOQUIA
;;;;RONELLY SAS;SUPERSOCIEDADES;Antioquia;ANTIOQUIA;ENVIGADO-ANTIOQUIA
;;;;INVERSIONES PINAMAR S.A.;SUPERSOCIEDADES;Antioquia;ANTIOQUIA;MEDELLIN-ANTIOQUIA
;;;;Pro-Diagnostico S.A.;SUPERSALUD;Antioquia;ANTIOQUIA;BELLO-ANTIOQUIA
;;;;UN SOLO PROVEEDOR SAS;SUPERSOCIEDADES;Antioquia;ANTIOQUIA;ITAGUI-ANTIOQUIA
;;;;VICUNHA COLOMBIA SAS;SUPERSOCIEDADES;Antioquia;ANTIOQUIA;MEDELLIN-ANTIOQUIA
;;;;POLO 1 SAS;SUPERSOCIEDADES;Antioquia;ANTIOQUIA;ENVIGADO-ANTIOQUIA
;;;;PRODUCTOS Y MATERIALES DE CONFECCION S.A.S.;SUPERSOCIEDADES;Antioquia;ANTIOQUIA;MEDELLIN-ANTIOQUIA
;;;;C.I MINERAL METALS LOGISTICS &SOLUTIONS S.A.S;SUPERSOCIEDADES;Antioquia;ANTIOQUIA;MEDELLIN-ANTIOQUIA
;;;;PROMINERALES S.A.S.;SUPERSOCIEDADES;Antioquia;ANTIOQUIA;PUERTO BERRIO-ANTIOQUIA
;;;;COSMETICOS SAMY S.A.;SUPERSOCIEDADES;Antioquia;ANTIOQUIA;MEDELLIN-ANTIOQUIA
;;;;C Y C OBRAS CIVILES S.A.S;SUPERSOCIEDADES;Antioquia;ANTIOQUIA;MEDELLIN-ANTIOQUIA
;;;;Univer Plus;SUPERSALUD;Antioquia;ANTIOQUIA;MEDELLIN-ANTIOQUIA
;;;;Clinica Oftalmologica De Antioquia S.A.S;SUPERSALUD;Antioquia;ANTIOQUIA;MEDELLIN-ANTIOQUIA
;;;;CONVEL SAS;SUPERSOCIEDADES;Antioquia;ANTIOQUIA;MEDELLIN-ANTIOQUIA
;;;;OILRED SAS;SUPERSOCIEDADES;Antioquia;ANTIOQUIA;ITAGUI-ANTIOQUIA
;;;;PRODUCTOS CARNICOS FRICAR S A S;SUPERSOCIEDADES;Antioquia;ANTIOQUIA;MEDELLIN-ANTIOQUIA
;;;;UNO A ASEO INTEGRADO.S.A;SUPERSOCIEDADES;Antioquia;ANTIOQUIA;MEDELLIN-ANTIOQUIA
;;;;PARACONSTRUIR SAS;SUPERSOCIEDADES;Antioquia;ANTIOQUIA;MEDELLIN-ANTIOQUIA
;;;;LITO SAS;SUPERSOCIEDADES;Antioquia;ANTIOQUIA;BELLO-ANTIOQUIA
;;;;VIVEL S.A.S;SUPERSOCIEDADES;Antioquia;ANTIOQUIA;MEDELLIN-ANTIOQUIA
;;;;INDUSTRIAS DEL HIERRO S.A.S;SUPERSOCIEDADES;Antioquia;ANTIOQUIA;GIRARDOTA-ANTIOQUIA
;;;;VENISE SAS;SUPERSOCIEDADES;Antioquia;ANTIOQUIA;MEDELLIN-ANTIOQUIA
;;;;AGROMIL S.A.S.;SUPERSOCIEDADES;Antioquia;ANTIOQUIA;SABANETA-ANTIOQUIA
;;;;INDUSTRIAS FATELARES SAS;SUPERSOCIEDADES;Antioquia;ANTIOQUIA;ITAGUI-ANTIOQUIA
;;;;SOCIEDAD DE COMERCIALIZACION INTERNACIONAL AGRICOLAS UNIDAS SAS;SUPERSOCIEDADES;Antioquia;ANTIOQUIA;MEDELLIN-ANTIOQUIA
;;;;INTERNACIONAL DE ABASTOS Y LICORES SAS;SUPERSOCIEDADES;Antioquia;ANTIOQUIA;ITAGUI-ANTIOQUIA
;;;;BIKE HOUSE SAS;SUPERSOCIEDADES;Antioquia;ANTIOQUIA;MEDELLIN-ANTIOQUIA
;;;;REPRESENTACIONES MEDICAS ALCOST PHARMACEUTICAL SAS;SUPERSOCIEDADES;Antioquia;ANTIOQUIA;MEDELLIN-ANTIOQUIA
;;;;TEAM IT S.A.S.;SUPERSOCIEDADES;Antioquia;ANTIOQUIA;ENVIGADO-ANTIOQUIA
;;;;DISTRIBUIDORA FP S.A.S;SUPERSOCIEDADES;Antioquia;ANTIOQUIA;BELLO-ANTIOQUIA
;;;;AGROPECUARIA GRUPO 20 S.A;SUPERSOCIEDADES;Antioquia;ANTIOQUIA;MEDELLIN-ANTIOQUIA
;;;;COMERCIALIZADORA INTERNACIONAL AGROGREENLAND S.A.S;SUPERSOCIEDADES;Antioquia;ANTIOQUIA;APARTADO-ANTIOQUIA
;;;;INVERSIONES MONTOLIVO SAS;SUPERSOCIEDADES;Antioquia;ANTIOQUIA;MEDELLIN-ANTIOQUIA
;;;;GRUPO EMPRESARIAL PEMC SAS;SUPERSOCIEDADES;Antioquia;ANTIOQUIA;MEDELLIN-ANTIOQUIA
;;;;GRUPO EMPRESARIAL SEISO SAS;SUPERSOCIEDADES;Antioquia;ANTIOQUIA;MEDELLIN-ANTIOQUIA
;;;;MAYUN SAS;SUPERSOCIEDADES;Antioquia;ANTIOQUIA;ITAGUI-ANTIOQUIA
;;;;OCCIDENTAL DE EMPAQUES SAS;SUPERSOCIEDADES;Antioquia;ANTIOQUIA;GIRARDOTA-ANTIOQUIA
;;;;MINA EL GRAN PORVENIR DEL LIBANO S.A;SUPERSOCIEDADES;Antioquia;ANTIOQUIA;MEDELLIN-ANTIOQUIA
;;;;A'HORA S.A.S. SERVICIOS TEMPORALES;SUPERSOCIEDADES;Antioquia;ANTIOQUIA;MEDELLIN-ANTIOQUIA
;;;;ALIRIO GOMEZ G. SERVICIOS DE ALIMENTACION S.A.S.;SUPERSOCIEDADES;Antioquia;ANTIOQUIA;ENVIGADO-ANTIOQUIA
;;;;Cooperativa De Trabajo Asociado De Profesionales De La Salud De Donmatias - Prosalco;SUPERSALUD;Antioquia;ANTIOQUIA;MEDELLIN-ANTIOQUIA
;;;;Dolphins Plus SA;SUPERSOCIEDADES;Antioquia;ANTIOQUIA;MEDELLIN-ANTIOQUIA
;;;;Clinica San Juan De Dios La Ceja;SUPERSALUD;Antioquia;ANTIOQUIA;LA CEJA-ANTIOQUIA
;;;;REDYCO SAS;SUPERSOCIEDADES;Antioquia;ANTIOQUIA;MEDELLIN-ANTIOQUIA
;;;;CI FAJAS MYD COLOMBIA SAS;SUPERSOCIEDADES;Antioquia;ANTIOQUIA;MEDELLIN-ANTIOQUIA
;;;;GLÜKY GROUP S.A.S.;SUPERSOCIEDADES;Antioquia;ANTIOQUIA;MEDELLIN-ANTIOQUIA
;;;;Soluciones Alegra S.A.S.;SUPERSOCIEDADES;Antioquia;ANTIOQUIA;MEDELLIN-ANTIOQUIA
;;;;FRUTAS DE EXPORTACIO SAS FRUTEX SAS;SUPERSOCIEDADES;Antioquia;ANTIOQUIA;ITAGUI-ANTIOQUIA
;;;;CESDE S.A.S;SUPERSOCIEDADES;Antioquia;ANTIOQUIA;MEDELLIN-ANTIOQUIA
;;;;TANANA SAS;SUPERSOCIEDADES;Antioquia;ANTIOQUIA;MEDELLIN-ANTIOQUIA
;;;;Artmedica S.A.S;SUPERSALUD;Antioquia;ANTIOQUIA;MEDELLIN-ANTIOQUIA
;;;;INTERNACIONAL EJECUTIVA DE AVIACION S.A.S;SUPERTRANSPORTE;Antioquia;ANTIOQUIA;Rionegro-ANTIOQUIA
;;;;PORCIGENES SA;SUPERSOCIEDADES;Antioquia;ANTIOQUIA;GIRARDOTA-ANTIOQUIA
;;;;OPERADORA AIRPLAN SAS;SUPERSOCIEDADES;Antioquia;ANTIOQUIA;MEDELLIN-ANTIOQUIA
;;;;DIVERTRONICA MEDELLIN SAS;SUPERSOCIEDADES;Antioquia;ANTIOQUIA;ITAGUI-ANTIOQUIA
;;;;Servicios Nutresa S.A.S.;SUPERSOCIEDADES;Antioquia;ANTIOQUIA;MEDELLIN-ANTIOQUIA
;;;;IMPORTADORA JAPON SA;SUPERSOCIEDADES;Antioquia;ANTIOQUIA;MEDELLIN-ANTIOQUIA
;;;;INVERSIONES JOMARA SAS;SUPERSOCIEDADES;Antioquia;ANTIOQUIA;MARINILLA-ANTIOQUIA
;;;;CI MATEC LOGISTICA S.A.S.;SUPERSOCIEDADES;Antioquia;ANTIOQUIA;ITAGUI-ANTIOQUIA
;;;;Inveragro el Cambulo S.A.S.;SUPERSOCIEDADES;Antioquia;ANTIOQUIA;MEDELLIN-ANTIOQUIA
;;;;MEZCLAS BIOMIX S.A.S;SUPERSOCIEDADES;Antioquia;ANTIOQUIA;SABANETA-ANTIOQUIA
;;;;EXELA SERVICIOS TEMPORALES S.A;SUPERSOCIEDADES;Antioquia;ANTIOQUIA;MEDELLIN-ANTIOQUIA
;;;;CONSTRUCCIÓNES Y BIENES S.A. CONSTRUCCIÓNES Y BIENES S.A.;SUPERSOCIEDADES;Antioquia;ANTIOQUIA;SABANETA-ANTIOQUIA
;;;;DAES S A S;SUPERTRANSPORTE;Antioquia;ANTIOQUIA;CAUCASIA-ANTIOQUIA
;;;;"INDUSTRIAS KENT Y SORRENTO S;A;";SUPERSOCIEDADES;Antioquia;ANTIOQUIA;MEDELLIN-ANTIOQUIA
;;;;LANDA GROUP S.A.S.;SUPERSOCIEDADES;Antioquia;ANTIOQUIA;MEDELLIN-ANTIOQUIA
;;;;"""COMERCIALIZADORA GAPAL S.A.S. """;SUPERSOCIEDADES;Antioquia;ANTIOQUIA;ITAGUI-ANTIOQUIA
;;;;DISTRIBUIDORA DE QUIMICOS INDUSTRIALES S.A.;SUPERSOCIEDADES;Antioquia;ANTIOQUIA;MEDELLIN-ANTIOQUIA
;;;;RP MEDICAS S.A;SUPERSOCIEDADES;Antioquia;ANTIOQUIA;MEDELLIN-ANTIOQUIA
;;;;CORRESPONSALES DISTRICOL S.A.S.;SUPERSOCIEDADES;Antioquia;ANTIOQUIA;MEDELLIN-ANTIOQUIA
;;;;PUERTO ANTIOQUIA HOLDING S.A.S;SUPERSOCIEDADES;Antioquia;ANTIOQUIA;APARTADO-ANTIOQUIA
;;;;COMPAÑIA NACIONAL DE TRABAJADORES TEMPORALES S.A.S;SUPERSOCIEDADES;Antioquia;ANTIOQUIA;MEDELLIN-ANTIOQUIA
;;;;INVERSIONES RIOS HOYOS SAS;SUPERSOCIEDADES;Antioquia;ANTIOQUIA;CALDAS-ANTIOQUIA
;;;;PLASTIMUNDO SAS;SUPERSOCIEDADES;Antioquia;ANTIOQUIA;BARBOSA-ANTIOQUIA
;;;;ZONALOGISTICA S.A.S.;SUPERTRANSPORTE;Antioquia;ANTIOQUIA;ITAGUI-ANTIOQUIA
;;;;FLORES SILVESTRES S.A.;SUPERSOCIEDADES;Antioquia;ANTIOQUIA;MEDELLIN-ANTIOQUIA
;;;;COMERCIALIZADORA RAGGED Y CIA S.A.S;SUPERSOCIEDADES;Antioquia;ANTIOQUIA;MEDELLIN-ANTIOQUIA
;;;;URBANIZA SAS;SUPERSOCIEDADES;Antioquia;ANTIOQUIA;MEDELLIN-ANTIOQUIA
;;;;PUNTO CARDINAL DE ORIENTE SAS;SUPERSOCIEDADES;Antioquia;ANTIOQUIA;RIONEGRO-ANTIOQUIA
;;;;Soluciones Civiles S.A.S;SUPERSOCIEDADES;Antioquia;ANTIOQUIA;MEDELLIN-ANTIOQUIA
;;;;ARCHROMA COLOMBIA SAS;SUPERSOCIEDADES;Antioquia;ANTIOQUIA;SABANETA-ANTIOQUIA
;;;;PAECIA SAS;SUPERSOCIEDADES;Antioquia;ANTIOQUIA;MEDELLIN-ANTIOQUIA
;;;;ESSENTIALL SAS;SUPERSOCIEDADES;Antioquia;ANTIOQUIA;ITAGUI-ANTIOQUIA
;;;;MEGATOYS SAS;SUPERSOCIEDADES;Antioquia;ANTIOQUIA;MEDELLIN-ANTIOQUIA
;;;;MAGNUM LOGISTICS S.A.S;SUPERSOCIEDADES;Antioquia;ANTIOQUIA;MEDELLIN-ANTIOQUIA
;;;;CONSTRUCTORA SERVING SAS;SUPERSOCIEDADES;Antioquia;ANTIOQUIA;RIONEGRO-ANTIOQUIA
;;;;MERA MEDELLIN SAS;SUPERSOCIEDADES;Antioquia;ANTIOQUIA;RIONEGRO-ANTIOQUIA
;;;;EL COLOMBIANO SAS;SUPERSOCIEDADES;Antioquia;ANTIOQUIA;ENVIGADO-ANTIOQUIA
;;;;NUEVO MUNDO OLEICO S.A.S;SUPERSOCIEDADES;Antioquia;ANTIOQUIA;MEDELLIN-ANTIOQUIA
;;;;INGEMA S.A.;SUPERSOCIEDADES;Antioquia;ANTIOQUIA;MEDELLIN-ANTIOQUIA
;;;;WEIR MINERALS COLOMBIA SAS;SUPERSOCIEDADES;Antioquia;ANTIOQUIA;RIONEGRO-ANTIOQUIA
;;;;TIENDAS DE ROPA INTIMA S.A;SUPERSOCIEDADES;Antioquia;ANTIOQUIA;SABANETA-ANTIOQUIA
;;;;LABORATORIOS MEDIFARMA S.A.S;SUPERSOCIEDADES;Antioquia;ANTIOQUIA;GUARNE-ANTIOQUIA
;;;;Servicios Aereos Panamericanos Sas;SUPERSALUD;Antioquia;ANTIOQUIA;MEDELLIN-ANTIOQUIA
;;;;INCALL S.A.S;SUPERSOCIEDADES;Antioquia;ANTIOQUIA;MEDELLIN-ANTIOQUIA
;;;;Clinica De Otorrinolaringologia De Antioquia S.A-Orlant S.A;SUPERSALUD;Antioquia;ANTIOQUIA;MEDELLIN-ANTIOQUIA
;;;;COMERCIALIZADORA DE HIELOS IGLU SA;SUPERSOCIEDADES;Antioquia;ANTIOQUIA;ITAGUI-ANTIOQUIA
;;;;EXTRUSIONES S.A;SUPERSOCIEDADES;Antioquia;ANTIOQUIA;ITAGUI-ANTIOQUIA
;;;;INVERSIONES IDM SAS;SUPERSOCIEDADES;Antioquia;ANTIOQUIA;LA CEJA-ANTIOQUIA
;;;;COMPAÑIA AERO AGRICOLA INTEGRAL SAS;SUPERSOCIEDADES;Antioquia;ANTIOQUIA;CAREPA-ANTIOQUIA
;;;;INDUSTRIAS DE ACERO SAS IDEACE;SUPERSOCIEDADES;Antioquia;ANTIOQUIA;ITAGUI-ANTIOQUIA
;;;;DERIVADOS LACTEOS DEL NORTE SAS;SUPERSOCIEDADES;Antioquia;ANTIOQUIA;SANTA ROSA DE OSOS-ANTIOQUIA
;;;;DISAZUCAR BOTERO SAS;SUPERSOCIEDADES;Antioquia;ANTIOQUIA;APARTADO-ANTIOQUIA
;;;;JOSE A Y GERARDO E ZULUAGA SAS;SUPERSOCIEDADES;Antioquia;ANTIOQUIA;ITAGUI-ANTIOQUIA
;;;;Inversiones Crear Rama Sa;SUPERSALUD;Antioquia;ANTIOQUIA;MEDELLIN-ANTIOQUIA
;;;;ART MODE SAS BIC;SUPERSOCIEDADES;Antioquia;ANTIOQUIA;RIONEGRO-ANTIOQUIA
;;;;MACXICERDOS DE COLOMBIA SAS;SUPERSOCIEDADES;Antioquia;ANTIOQUIA;MEDELLIN-ANTIOQUIA
;;;;SOLUCIONES Y PARTES S.A.S.;SUPERSOCIEDADES;Antioquia;ANTIOQUIA;MEDELLIN-ANTIOQUIA
;;;;TAHUMA SAS;SUPERTRANSPORTE;Antioquia;ANTIOQUIA;ENVIGADO-ANTIOQUIA
;;;;SERVICENTROS DE ENERGIA S.A.;SUPERSOCIEDADES;Antioquia;ANTIOQUIA;MEDELLIN-ANTIOQUIA
;;;;Ciclotron Colombia S.A.S.;SUPERSOCIEDADES;Antioquia;ANTIOQUIA;MEDELLIN-ANTIOQUIA
;;;;BIO URBE SAS;SUPERSOCIEDADES;Antioquia;ANTIOQUIA;MEDELLIN-ANTIOQUIA
;;;;DORICOLOR INDULIT SAS;SUPERSOCIEDADES;Antioquia;ANTIOQUIA;SABANETA-ANTIOQUIA
;;;;RIUM SAS;SUPERSOCIEDADES;Antioquia;ANTIOQUIA;MEDELLIN-ANTIOQUIA
;;;;MCAD TRAINING & CONSULTING SAS;SUPERSOCIEDADES;Antioquia;ANTIOQUIA;MEDELLIN-ANTIOQUIA
;;;;RIMOPLASTICAS S.A.;SUPERSOCIEDADES;Antioquia;ANTIOQUIA;LA ESTRELLA-ANTIOQUIA
;;;;supermercado los ibañez sas;SUPERSOCIEDADES;Antioquia;ANTIOQUIA;APARTADO-ANTIOQUIA
;;;;SSAB COLOMBIA SAS;SUPERSOCIEDADES;Antioquia;ANTIOQUIA;MEDELLIN-ANTIOQUIA
;;;;COORDINADORA DE TANQUES SAS;SUPERTRANSPORTE;Antioquia;ANTIOQUIA;MEDELLIN-ANTIOQUIA
;;;;SUPERMERCADO BOOM SAS;SUPERSOCIEDADES;Antioquia;ANTIOQUIA;ITAGUI-ANTIOQUIA
;;;;GLOBAL MVM SAS;SUPERSOCIEDADES;Antioquia;ANTIOQUIA;MEDELLIN-ANTIOQUIA
;;;;COMERCIALIZADORA DE QUIMICOS Y PARAFINAS S.A.S.;SUPERSOCIEDADES;Antioquia;ANTIOQUIA;ENTRERRIOS-ANTIOQUIA
;;;;EMPAQUES JUAN S.A.S.;SUPERSOCIEDADES;Antioquia;ANTIOQUIA;ITAGUI-ANTIOQUIA
;;;;SENCO LATIN AMERICA S.A.S;SUPERSOCIEDADES;Antioquia;ANTIOQUIA;MARINILLA-ANTIOQUIA
;;;;MYSTIC FOODS SAS;SUPERSOCIEDADES;Antioquia;ANTIOQUIA;MEDELLIN-ANTIOQUIA
;;;;SOCIEDAD COMERCIALIZADORA DE COMBUSTIBLES S.A.S.;SUPERSOCIEDADES;Antioquia;ANTIOQUIA;LA ESTRELLA-ANTIOQUIA
;;;;AA METALS SAS;SUPERSOCIEDADES;Antioquia;ANTIOQUIA;GUARNE-ANTIOQUIA
;;;;GRICOAT DE COLOMBIA SAS;SUPERSOCIEDADES;Antioquia;ANTIOQUIA;ITAGUI-ANTIOQUIA
;;;;STANLEY BLACK & DECKER COLOMBIA SERVICES SAS;SUPERSOCIEDADES;Antioquia;ANTIOQUIA;MEDELLIN-ANTIOQUIA
;;;;MASIVO DE OCCIDENTE SAS;SUPERTRANSPORTE;Antioquia;ANTIOQUIA;MEDELLIN-ANTIOQUIA
;;;;PLASSOL S.A.S;SUPERSOCIEDADES;Antioquia;ANTIOQUIA;MEDELLIN-ANTIOQUIA
;;;;M.V.H INVERSIONES S.A.S;SUPERSOCIEDADES;Antioquia;ANTIOQUIA;ENVIGADO-ANTIOQUIA
;;;;EVERFIT SA;SUPERSOCIEDADES;Antioquia;ANTIOQUIA;MEDELLIN-ANTIOQUIA
;;;;COMERCIALIZADORA EPA SAS;SUPERSOCIEDADES;Antioquia;ANTIOQUIA;RIONEGRO-ANTIOQUIA
;;;;Pactia SAS;SUPERSOCIEDADES;Antioquia;ANTIOQUIA;MEDELLIN-ANTIOQUIA
;;;;Gowan Colombia SAS;SUPERSOCIEDADES;Antioquia;ANTIOQUIA;RIONEGRO-ANTIOQUIA
;;;;COLOMBIANA DE CINES S.A;SUPERSOCIEDADES;Antioquia;ANTIOQUIA;SABANETA-ANTIOQUIA
;;;;INTERLAN SAS;SUPERSOCIEDADES;Antioquia;ANTIOQUIA;MEDELLIN-ANTIOQUIA
;;;;PISOS Y ENCHAPES EUROCARIBE SAS;SUPERSOCIEDADES;Antioquia;ANTIOQUIA;MEDELLIN-ANTIOQUIA
;;;;CONFECIONEES MILLAR S.A.S;SUPERSOCIEDADES;Antioquia;ANTIOQUIA;MEDELLIN-ANTIOQUIA
;;;;AMARIS CONSULTING SAS;SUPERSOCIEDADES;Antioquia;ANTIOQUIA;MEDELLIN-ANTIOQUIA
;;;;MIGUEL GOMEZ Y CIA;SUPERSOCIEDADES;Antioquia;ANTIOQUIA;LA ESTRELLA-ANTIOQUIA
;;;;SENCO COLOMBIANA SAS;SUPERSOCIEDADES;Antioquia;ANTIOQUIA;GUARNE-ANTIOQUIA
;;;;LA TIENDA DEL TRIPLEX SAS;SUPERSOCIEDADES;Antioquia;ANTIOQUIA;MEDELLIN-ANTIOQUIA
;;;;MODA OXFORD SAS;SUPERSOCIEDADES;Antioquia;ANTIOQUIA;ITAGUI-ANTIOQUIA
;;;;VIGOMEZ SAS;SUPERSOCIEDADES;Antioquia;ANTIOQUIA;MEDELLIN-ANTIOQUIA
;;;;REPRESENTACIONES Y DISTRIBUCIONES HOSPITALARIAS;SUPERSOCIEDADES;Antioquia;ANTIOQUIA;SABANETA-ANTIOQUIA
;;;;SG MILENARIO SAS;SUPERSOCIEDADES;Antioquia;ANTIOQUIA;MEDELLIN-ANTIOQUIA
;;;;DMT SOLUCIONES SAS;SUPERSOCIEDADES;Antioquia;ANTIOQUIA;SABANETA-ANTIOQUIA
;;;;ASIGNAR SAS;SUPERSOCIEDADES;Antioquia;ANTIOQUIA;MEDELLIN-ANTIOQUIA
;;;;INVERSIONES ASJ SAS;SUPERSOCIEDADES;Antioquia;ANTIOQUIA;MEDELLIN-ANTIOQUIA
;;;;Angiosur S.A.S.;SUPERSALUD;Antioquia;ANTIOQUIA;MEDELLIN-ANTIOQUIA
;;;;PROMOTORA ESSENZA SAS;SUPERSOCIEDADES;Antioquia;ANTIOQUIA;MEDELLIN-ANTIOQUIA
;;;;AKITA MOTOS S.A;SUPERSOCIEDADES;Antioquia;ANTIOQUIA;MEDELLIN-ANTIOQUIA
;;;;ALTERNATIVA DE MODA SAS;SUPERSOCIEDADES;Antioquia;ANTIOQUIA;MEDELLIN-ANTIOQUIA
;;;;INVERSIONES GOMEZ ROJAS S.A.S.;SUPERSOCIEDADES;Antioquia;ANTIOQUIA;MEDELLIN-ANTIOQUIA
;;;;INTERCOMERCIALIZADORA MEAT PACKING SAS;SUPERSOCIEDADES;Antioquia;ANTIOQUIA;GIRARDOTA-ANTIOQUIA
;;;;COMPAÑIA AEROFUMIGACIONES CALIMA SAS;SUPERSOCIEDADES;Antioquia;ANTIOQUIA;MEDELLIN-ANTIOQUIA
;;;;Especialidades Medicas Metropolitanas S.A.S.;SUPERSALUD;Antioquia;ANTIOQUIA;BELLO-ANTIOQUIA
;;;;CONCENTRADOS AGROPECUARIOS CONCENAGRO SAS;SUPERSOCIEDADES;Antioquia;ANTIOQUIA;ENTRERRIOS-ANTIOQUIA
;;;;REPOSTERIAS TDG SAS;SUPERSOCIEDADES;Antioquia;ANTIOQUIA;MEDELLIN-ANTIOQUIA
;;;;GRUPO AUTOPARTES;SUPERSOCIEDADES;Antioquia;ANTIOQUIA;MEDELLIN-ANTIOQUIA
;;;;C.I GOLD BY GOLD COLOMBIA S.A.S;SUPERSOCIEDADES;Antioquia;ANTIOQUIA;MEDELLIN-ANTIOQUIA
;;;;F2X SAS;SUPERSOCIEDADES;Antioquia;ANTIOQUIA;ITAGUI-ANTIOQUIA
;;;;MULTICERDOS S.A.S;SUPERSOCIEDADES;Antioquia;ANTIOQUIA;MEDELLIN-ANTIOQUIA
;;;;CHOUCAIR CARDENAS TESTING SA;SUPERSOCIEDADES;Antioquia;ANTIOQUIA;MEDELLIN-ANTIOQUIA
;;;;CELSIA INTERNET S.A.S.;SUPERSOCIEDADES;Antioquia;ANTIOQUIA;MEDELLIN-ANTIOQUIA
;;;;PINTURA Y YESOS SAS;SUPERSOCIEDADES;Antioquia;ANTIOQUIA;MEDELLIN-ANTIOQUIA
;;;;PROMOCIONES Y MERCADEO MARTINEZ HERMANOS S.A.;SUPERSOCIEDADES;Antioquia;ANTIOQUIA;ITAGUI-ANTIOQUIA
;;;;DISTRIMEDICAL SAS;SUPERSOCIEDADES;Antioquia;ANTIOQUIA;SABANETA-ANTIOQUIA
;;;;Codiscos S.A.S.;SUPERSOCIEDADES;Antioquia;ANTIOQUIA;MEDELLIN-ANTIOQUIA
;;;;LOCALPACK S.A.S;SUPERSOCIEDADES;Antioquia;ANTIOQUIA;MEDELLIN-ANTIOQUIA
;;;;CREARCIMIENTOS PROPIEDAD RAÍZ SAS;SUPERSOCIEDADES;Antioquia;ANTIOQUIA;MEDELLIN-ANTIOQUIA
;;;;INGENIERIA ESPECIALIZADA S.A.;SUPERSOCIEDADES;Antioquia;ANTIOQUIA;MEDELLIN-ANTIOQUIA
;;;;NEROLI SAS;SUPERSOCIEDADES;Antioquia;ANTIOQUIA;LA ESTRELLA-ANTIOQUIA
;;;;SERVICIOS Y TRANSPORTES LTDA;SUPERSOCIEDADES;Antioquia;ANTIOQUIA;ITAGUI-ANTIOQUIA
;;;;INVERSIONES JAIBU S.A.S;SUPERSOCIEDADES;Antioquia;ANTIOQUIA;MEDELLIN-ANTIOQUIA
;;;;INVERSIONES CALO S.A.S;SUPERSOCIEDADES;Antioquia;ANTIOQUIA;ITAGUI-ANTIOQUIA
;;;;CACHARRERIA BOMBAY SAS;SUPERSOCIEDADES;Antioquia;ANTIOQUIA;MEDELLIN-ANTIOQUIA
;;;;CONSTRUCTORA CONARTE SAS;SUPERSOCIEDADES;Antioquia;ANTIOQUIA;MEDELLIN-ANTIOQUIA
;;;;CONSTRUCCIÓNES Y TRACTORES SAS;SUPERSOCIEDADES;Antioquia;ANTIOQUIA;SABANETA-ANTIOQUIA
;;;;PLASTEXTIL SAS;SUPERSOCIEDADES;Antioquia;ANTIOQUIA;MEDELLIN-ANTIOQUIA
;;;;VELAS Y VELONES SAN JORGE S.A.S.;SUPERSOCIEDADES;Antioquia;ANTIOQUIA;ENTRERRIOS-ANTIOQUIA
;;;;ENERGIZANDO INGENIERIA Y CONSTRUCCIÓN SAS;SUPERSOCIEDADES;Antioquia;ANTIOQUIA;GOMEZ PLATA-ANTIOQUIA
;;;;TANQUES DEL NORDESTE SA;SUPERTRANSPORTE;Antioquia;ANTIOQUIA;ITAGUI-ANTIOQUIA
;;;;ALSEC ALIMENTOS SECOS S.A.S;SUPERSOCIEDADES;Antioquia;ANTIOQUIA;LA ESTRELLA-ANTIOQUIA
;;;;SUDISTRIBUISOR S.A;SUPERSOCIEDADES;Antioquia;ANTIOQUIA;SABANETA-ANTIOQUIA
;;;;inversiones carnes torrente;SUPERSOCIEDADES;Antioquia;ANTIOQUIA;LA ESTRELLA-ANTIOQUIA
;;;;BODEGA CAMPESINA SAS;SUPERSOCIEDADES;Antioquia;ANTIOQUIA;ITAGUI-ANTIOQUIA
;;;;Estibas Retornables de Colombia Ltda;SUPERSOCIEDADES;Antioquia;ANTIOQUIA;ITAGUI-ANTIOQUIA
;;;;VALECAR SAS;SUPERSOCIEDADES;Antioquia;ANTIOQUIA;MEDELLIN-ANTIOQUIA
;;;;SOLUCIONES ALIMENTARIAS INDUSTRIALES INTEGRA SAS;SUPERSOCIEDADES;Antioquia;ANTIOQUIA;ITAGUI-ANTIOQUIA
;;;;METALES Y EXCEDENTES RECUPERADOS S.A.S EN REORGANIZACION;SUPERSOCIEDADES;Antioquia;ANTIOQUIA;APARTADO-ANTIOQUIA
;;;;COMERCIALIZADORA LA 2000 S.A.S;SUPERSOCIEDADES;Antioquia;ANTIOQUIA;BELLO-ANTIOQUIA
;;;;CREDITOS ORBE SAS;SUPERSOCIEDADES;Antioquia;ANTIOQUIA;ITAGUI-ANTIOQUIA
;;;;SOLDADURAS INDUSTRIALES SAS;SUPERSOCIEDADES;Antioquia;ANTIOQUIA;ENVIGADO-ANTIOQUIA
;;;;SC ABOGADOS;SUPERSOCIEDADES;Antioquia;ANTIOQUIA;MEDELLIN-ANTIOQUIA
;;;;TRANZUL SAS;SUPERTRANSPORTE;Antioquia;ANTIOQUIA;ITAGUI-ANTIOQUIA
;;;;GISAICO SAS;SUPERSOCIEDADES;Antioquia;ANTIOQUIA;MEDELLIN-ANTIOQUIA
;;;;PROINTIMO S.A.S;SUPERSOCIEDADES;Antioquia;ANTIOQUIA;RIONEGRO-ANTIOQUIA
;;;;CLAVE SEGURIDAD CTA;SUPERVIGILANCIA;Antioquia;ANTIOQUIA;MEDELLIN-ANTIOQUIA
;;;;GEA INVERSORES SAS;SUPERSOCIEDADES;Antioquia;ANTIOQUIA;COPACABANA-ANTIOQUIA
;;;;ARQUITECTO E INGENIEROS ASOCIADOS S.A;SUPERSOCIEDADES;Antioquia;ANTIOQUIA;MEDELLIN-ANTIOQUIA
;;;;MILFORT SAS;SUPERSOCIEDADES;Antioquia;ANTIOQUIA;LA ESTRELLA-ANTIOQUIA
;;;;CHEF BURGER COMPANY S.A.S.;SUPERSOCIEDADES;Antioquia;ANTIOQUIA;MEDELLIN-ANTIOQUIA
;;;;AUTOMAX SAS;SUPERSOCIEDADES;Antioquia;ANTIOQUIA;MEDELLIN-ANTIOQUIA
;;;;SERVICIOS AMBIENTALES Y GEOGRAFICOS S.A;SUPERSOCIEDADES;Antioquia;ANTIOQUIA;MEDELLIN-ANTIOQUIA
;;;;CHEMTRADE COLOMBIA S.A.S;SUPERSOCIEDADES;Antioquia;ANTIOQUIA;ENVIGADO-ANTIOQUIA
;;;;HRA UNIQUIMICA SAS;SUPERSOCIEDADES;Antioquia;ANTIOQUIA;LA ESTRELLA-ANTIOQUIA
;;;;Adilab - Ayudas Diagnosticas Y Laboratorio Clinico S.A.S;SUPERSALUD;Antioquia;ANTIOQUIA;MEDELLIN-ANTIOQUIA
;;;;INDUSTRIAS FANTASIA SAS;SUPERSOCIEDADES;Antioquia;ANTIOQUIA;GIRARDOTA-ANTIOQUIA
;;;;ALMACENES E INDUSTRIAS ROCA SAS;SUPERSOCIEDADES;Antioquia;ANTIOQUIA;MEDELLIN-ANTIOQUIA
;;;;FERNANDEZ Y CIA S. A.;SUPERSOCIEDADES;Antioquia;ANTIOQUIA;MEDELLIN-ANTIOQUIA
;;;;Limpieza y Mantenimiento de Antioquia S.A.S;SUPERSOCIEDADES;Antioquia;ANTIOQUIA;MEDELLIN-ANTIOQUIA
;;;;LA CASA DEL AGRO MCU S.A.S;SUPERSOCIEDADES;Antioquia;ANTIOQUIA;MARINILLA-ANTIOQUIA
;;;;CONCRETOS Y ASFALTOS SA EN PROCESO DE REORGANIZACION;SUPERSOCIEDADES;Antioquia;ANTIOQUIA;BELLO-ANTIOQUIA
;;;;DISFINCA ENTRERRIOS SAS;SUPERSOCIEDADES;Antioquia;ANTIOQUIA;ENTRERRIOS-ANTIOQUIA
;;;;SEGURIDAD TECNICA COLOMBIANA LTDA;SUPERVIGILANCIA;Antioquia;ANTIOQUIA;ENVIGADO-ANTIOQUIA
;;;;GRUPO MARENA SAS;SUPERSOCIEDADES;Antioquia;ANTIOQUIA;LA ESTRELLA-ANTIOQUIA
;;;;TRAZOS URBANOS S.A.S.;SUPERSOCIEDADES;Antioquia;ANTIOQUIA;MEDELLIN-ANTIOQUIA
;;;;GERMANIA MOTORS SAS;SUPERSOCIEDADES;Antioquia;ANTIOQUIA;MEDELLIN-ANTIOQUIA
;;;;Expert Medica Ips S.A.S.;SUPERSALUD;Antioquia;ANTIOQUIA;MEDELLIN-ANTIOQUIA
;;;;MAZCARNES SAS;SUPERSOCIEDADES;Antioquia;ANTIOQUIA;SABANETA-ANTIOQUIA
;;;;SP INMOBILIARIA SAS;SUPERSOCIEDADES;Antioquia;ANTIOQUIA;MEDELLIN-ANTIOQUIA
;;;;REPARES SOCIEDAD ANONIMA;SUPERSOCIEDADES;Antioquia;ANTIOQUIA;ITAGUI-ANTIOQUIA
;;;;UNIPLES SAS;SUPERSOCIEDADES;Antioquia;ANTIOQUIA;ENVIGADO-ANTIOQUIA
;;;;JULIAN ALBERTO CHAMORRO A. S.A.S.;SUPERSOCIEDADES;Antioquia;ANTIOQUIA;MEDELLIN-ANTIOQUIA
;;;;UNIFORMES INDUSTRIALES ROPA Y CALZADO QUINLOP S.A.S.;SUPERSOCIEDADES;Antioquia;ANTIOQUIA;MEDELLIN-ANTIOQUIA
;;;;TOLUA MADERAS Y HERRAJES SAS;SUPERSOCIEDADES;Antioquia;ANTIOQUIA;MEDELLIN-ANTIOQUIA
;;;;ROTOPLAST SAS;SUPERSOCIEDADES;Antioquia;ANTIOQUIA;GUARNE-ANTIOQUIA
;;;;OMAHA HOLDING S.A.S.;SUPERSOCIEDADES;Antioquia;ANTIOQUIA;MEDELLIN-ANTIOQUIA
;;;;HACIENDA VELABA S.A.S;SUPERSOCIEDADES;Antioquia;ANTIOQUIA;MEDELLIN-ANTIOQUIA
;;;;LACTEOS RANCHERO LLANOGRANDE S.A.S;SUPERSOCIEDADES;Antioquia;ANTIOQUIA;RIONEGRO-ANTIOQUIA
;;;;INDUSTRIAL CONCONCRETO S A S;SUPERSOCIEDADES;Antioquia;ANTIOQUIA;GIRARDOTA-ANTIOQUIA
;;;;INDUSTRIA JABONERA LA JIRAFA SAS;SUPERSOCIEDADES;Antioquia;ANTIOQUIA;ENVIGADO-ANTIOQUIA
;;;;LINGERIE LE SENSUEL S. A. S;SUPERSOCIEDADES;Antioquia;ANTIOQUIA;MEDELLIN-ANTIOQUIA
;;;;Boston Medical Care Ips Sas;SUPERSALUD;Antioquia;ANTIOQUIA;MEDELLIN-ANTIOQUIA
;;;;ULTRAGAS S.A.S.;SUPERSOCIEDADES;Antioquia;ANTIOQUIA;ENVIGADO-ANTIOQUIA
;;;;INVERSIONES SOGA SA;SUPERSOCIEDADES;Antioquia;ANTIOQUIA;MEDELLIN-ANTIOQUIA
;;;;ARQUITECTURA Y CONSTRUCCIÓNES SAS;SUPERSOCIEDADES;Antioquia;ANTIOQUIA;MEDELLIN-ANTIOQUIA
;;;;PLASTICOS CORREA S.A.S;SUPERSOCIEDADES;Antioquia;ANTIOQUIA;GIRARDOTA-ANTIOQUIA
;;;;Industrias St. Even S.A.S.;SUPERSOCIEDADES;Antioquia;ANTIOQUIA;MEDELLIN-ANTIOQUIA
;;;;TEXTIFULL SAS;SUPERSOCIEDADES;Antioquia;ANTIOQUIA;MEDELLIN-ANTIOQUIA
;;;;MSB FEST SAS;SUPERSOCIEDADES;Antioquia;ANTIOQUIA;MEDELLIN-ANTIOQUIA
;;;;INVERSIONES TRIBILIN SAS;SUPERSOCIEDADES;Antioquia;ANTIOQUIA;SABANETA-ANTIOQUIA
;;;;JETBLUE AIRWAYS CORPORATION SUCURSAL COLOMBIA;SUPERTRANSPORTE;Antioquia;ANTIOQUIA;RIONEGRO-ANTIOQUIA
;;;;AGRIPLAST SAS;SUPERSOCIEDADES;Antioquia;ANTIOQUIA;CHIGORODO-ANTIOQUIA
;;;;BELLCHEM INTERNACIONAL SAS;SUPERSOCIEDADES;Antioquia;ANTIOQUIA;RIONEGRO-ANTIOQUIA
;;;;TERCOL SAS;SUPERSOCIEDADES;Antioquia;ANTIOQUIA;MEDELLIN-ANTIOQUIA
;;;;QUIMICA BASICA SAS;SUPERSOCIEDADES;Antioquia;ANTIOQUIA;MEDELLIN-ANTIOQUIA
;;;;VINCULAMOS SAS;SUPERSOCIEDADES;Antioquia;ANTIOQUIA;MEDELLIN-ANTIOQUIA
;;;;EXPLOMIN PERFORACIONES S.A.S;SUPERSOCIEDADES;Antioquia;ANTIOQUIA;MEDELLIN-ANTIOQUIA
;;;;AVICOLA SAN MARTIN SA;SUPERSOCIEDADES;Antioquia;ANTIOQUIA;SANTUARIO-ANTIOQUIA
;;;;ELECTROSERVICIO S.A;SUPERSOCIEDADES;Antioquia;ANTIOQUIA;MEDELLIN-ANTIOQUIA
;;;;CARBONES SAN FERNANDO S.A.S. EN PROCESO DE REORGANIZACION;SUPERSOCIEDADES;Antioquia;ANTIOQUIA;AMAGA-ANTIOQUIA
;;;;Servicios De Salud San Vicente Fundación;SUPERSALUD;Antioquia;ANTIOQUIA;MEDELLIN-ANTIOQUIA
;;;;ALMACENES Y TALLERES MOTO PRECISION S.A.;SUPERSOCIEDADES;Antioquia;ANTIOQUIA;ITAGUI-ANTIOQUIA
;;;;GTA COLOMBIA SAS;SUPERSOCIEDADES;Antioquia;ANTIOQUIA;ENVIGADO-ANTIOQUIA
;;;;COOPERATIVA DE TRANSPORTADORES SAN ANTONIO;SUPERTRANSPORTE;Antioquia;ANTIOQUIA;MEDELLIN-ANTIOQUIA
;;;;PAHT CONSTRUCCIÓNES SAS;SUPERSOCIEDADES;Antioquia;ANTIOQUIA;BELLO-ANTIOQUIA
;;;;EMPRESA DE SERVICIOS TEMPORALES MAXEMPLEOS SAS;SUPERSOCIEDADES;Antioquia;ANTIOQUIA;MEDELLIN-ANTIOQUIA
;;;;INDUSTRIAS MEDICAS SAMPEDRO SAS;SUPERSOCIEDADES;Antioquia;ANTIOQUIA;LA ESTRELLA-ANTIOQUIA
;;;;TECHNO FOOD SAS;SUPERSOCIEDADES;Antioquia;ANTIOQUIA;MEDELLIN-ANTIOQUIA
;;;;WOLKVOX S.A.S;SUPERSOCIEDADES;Antioquia;ANTIOQUIA;MEDELLIN-ANTIOQUIA
;;;;Home Group S.A.S;SUPERSALUD;Antioquia;ANTIOQUIA;ITAGUI-ANTIOQUIA
;;;;INTERNACIONAL DE BELLEZA SAS;SUPERSOCIEDADES;Antioquia;ANTIOQUIA;MEDELLIN-ANTIOQUIA
;;;;INVERSIONES FEEDS S.A.S;SUPERSOCIEDADES;Antioquia;ANTIOQUIA;MEDELLIN-ANTIOQUIA
;;;;COOPERATIVA DE TRABAJO ASOCIADO DE SERVICIOS DE VIGILANCIA Y SEGURIDAD PRIVADA C;SUPERVIGILANCIA;Antioquia;ANTIOQUIA;MEDELLIN-ANTIOQUIA
;;;;MONTACARGAS AM&M SAS;SUPERSOCIEDADES;Antioquia;ANTIOQUIA;MEDELLIN-ANTIOQUIA
;;;;DUTY FREE PARTNERS COLOMBIA SAS;SUPERSOCIEDADES;Antioquia;ANTIOQUIA;RIONEGRO-ANTIOQUIA
;;;;"""PROYECTOS Y VIAS SAS """;SUPERSOCIEDADES;Antioquia;ANTIOQUIA;MEDELLIN-ANTIOQUIA
;;;;LAMINAIRE SAS;SUPERSOCIEDADES;Antioquia;ANTIOQUIA;MEDELLIN-ANTIOQUIA
;;;;MARCAS Y DISTRIBUCIONES SAS;SUPERSOCIEDADES;Antioquia;ANTIOQUIA;ITAGUI-ANTIOQUIA
;;;;ORGANIZACION NUEVA AURORA S.A.S.;SUPERSOCIEDADES;Antioquia;ANTIOQUIA;MEDELLIN-ANTIOQUIA
;;;;YAMAHA SPORTS SAS;SUPERSOCIEDADES;Antioquia;ANTIOQUIA;MEDELLIN-ANTIOQUIA
;;;;FCR SAS;SUPERSOCIEDADES;Antioquia;ANTIOQUIA;MEDELLIN-ANTIOQUIA
;;;;Clinica Del Campestre S A;SUPERSALUD;Antioquia;ANTIOQUIA;MEDELLIN-ANTIOQUIA
;;;;LACTOINSUMOS COMERCIALIZADORA PRODUCTOS LACTEOS S.A.S;SUPERSOCIEDADES;Antioquia;ANTIOQUIA;MEDELLIN-ANTIOQUIA
;;;;MP Galagro SAS;SUPERSOCIEDADES;Antioquia;ANTIOQUIA;MEDELLIN-ANTIOQUIA
;;;;REJIPLAS SAS;SUPERSOCIEDADES;Antioquia;ANTIOQUIA;LA ESTRELLA-ANTIOQUIA
;;;;FORJAS BOLIVAR SAS;SUPERSOCIEDADES;Antioquia;ANTIOQUIA;MEDELLIN-ANTIOQUIA
;;;;TIENDACOL SAS;SUPERSOCIEDADES;Antioquia;ANTIOQUIA;MEDELLIN-ANTIOQUIA
;;;;ALMACENES EXITO INVERSIONES S.A.S.;SUPERSOCIEDADES;Antioquia;ANTIOQUIA;ENVIGADO-ANTIOQUIA
;;;;GMP PRODUCTOS QUIMICOS S.A.S.;SUPERSOCIEDADES;Antioquia;ANTIOQUIA;MEDELLIN-ANTIOQUIA
;;;;VITAMAR SA;SUPERSOCIEDADES;Antioquia;ANTIOQUIA;ITAGUI-ANTIOQUIA
;;;;GRUPO SURTIEXPRESS SASS;SUPERSOCIEDADES;Antioquia;ANTIOQUIA;ENVIGADO-ANTIOQUIA
;;;;Clinica Pajonal S.A.S;SUPERSALUD;Antioquia;ANTIOQUIA;CAUCASIA-ANTIOQUIA
;;;;Neurum S.A.S;SUPERSALUD;Antioquia;ANTIOQUIA;MEDELLIN-ANTIOQUIA
;;;;RP DENTAL SA;SUPERSOCIEDADES;Antioquia;ANTIOQUIA;MEDELLIN-ANTIOQUIA
;;;;TEMPOTRABAJAMOS SAS;SUPERSOCIEDADES;Antioquia;ANTIOQUIA;MEDELLIN-ANTIOQUIA
;;;;FERROCORTES GM Y CIA SAS;SUPERSOCIEDADES;Antioquia;ANTIOQUIA;MEDELLIN-ANTIOQUIA
;;;;LEGUMBRES HERIBERTO MONTES BEDOYA SAS;SUPERSOCIEDADES;Antioquia;ANTIOQUIA;ITAGUI-ANTIOQUIA
;;;;HOTEL DANN CARLTON MEDELLIN S.A.S.;SUPERSOCIEDADES;Antioquia;ANTIOQUIA;MEDELLIN-ANTIOQUIA
;;;;FELDA S.A.;SUPERSOCIEDADES;Antioquia;ANTIOQUIA;MEDELLIN-ANTIOQUIA
;;;;GODDARD CATERING GROUP COLOMBIA SAS;SUPERSOCIEDADES;Antioquia;ANTIOQUIA;MEDELLIN-ANTIOQUIA
;;;;J&B INVERSORES SAS;SUPERSOCIEDADES;Antioquia;ANTIOQUIA;MEDELLIN-ANTIOQUIA
;;;;COMPAÑIA INTEGRAL DE NEGOCIOS DE COLOMBIA SAS;SUPERSOCIEDADES;Antioquia;ANTIOQUIA;MEDELLIN-ANTIOQUIA
;;;;FLORES DE LA CAMPIÑA S.A.S;SUPERSOCIEDADES;Antioquia;ANTIOQUIA;MEDELLIN-ANTIOQUIA
;;;;AGROPECUARIA DE PAPA SAS;SUPERSOCIEDADES;Antioquia;ANTIOQUIA;ITAGUI-ANTIOQUIA
;;;;IUVITY COLOMBIA LTDA;SUPERSOCIEDADES;Antioquia;ANTIOQUIA;MEDELLIN-ANTIOQUIA
;;;;ALGAMAR S.A;SUPERSOCIEDADES;Antioquia;ANTIOQUIA;ITAGUI-ANTIOQUIA
;;;;GRUPO ALPEN SAS;SUPERSOCIEDADES;Antioquia;ANTIOQUIA;MEDELLIN-ANTIOQUIA
;;;;"COMERCIALIZADORA INTERNACIONAL EXUN SAS """"COMERCIALIZADORA INTERNACIONAL EXUN SAS";SUPERSOCIEDADES;Antioquia;ANTIOQUIA;MEDELLIN-ANTIOQUIA
;;;;A PARRA SAS;SUPERSOCIEDADES;Antioquia;ANTIOQUIA;MEDELLIN-ANTIOQUIA
;;;;GORILLA LOGIC SAS;SUPERSOCIEDADES;Antioquia;ANTIOQUIA;MEDELLIN-ANTIOQUIA
;;;;AYA CORP SAS;SUPERSOCIEDADES;Antioquia;ANTIOQUIA;ENVIGADO-ANTIOQUIA
;;;;COMERCIALIZADORA INTERNACIONAL EL GLOBO S.A.S.;SUPERSOCIEDADES;Antioquia;ANTIOQUIA;MEDELLIN-ANTIOQUIA
;;;;INVERSIONES BALLU S.A.S.;SUPERSOCIEDADES;Antioquia;ANTIOQUIA;MEDELLIN-ANTIOQUIA
;;;;C&S TECNOLOGIA SAS BIC;SUPERSOCIEDADES;Antioquia;ANTIOQUIA;MEDELLIN-ANTIOQUIA
;;;;C.I NUTREO S.A.S;SUPERSOCIEDADES;Antioquia;ANTIOQUIA;RIONEGRO-ANTIOQUIA
;;;;SALOMAX S.A.S.;SUPERSOCIEDADES;Antioquia;ANTIOQUIA;MEDELLIN-ANTIOQUIA
;;;;Optica Colsanitas Sas;SUPERSALUD;Antioquia;ANTIOQUIA;MEDELLIN-ANTIOQUIA
;;;;BYCSA SA;SUPERSOCIEDADES;Antioquia;ANTIOQUIA;MEDELLIN-ANTIOQUIA
;;;;OI LATAM SERVICES S.A.S;SUPERSOCIEDADES;Antioquia;ANTIOQUIA;ENVIGADO-ANTIOQUIA
;;;;Comercializadora Surtinegocios SAS;SUPERSOCIEDADES;Antioquia;ANTIOQUIA;ITAGUI-ANTIOQUIA
;;;;DYVAL S.A.;SUPERSOCIEDADES;Antioquia;ANTIOQUIA;MEDELLIN-ANTIOQUIA
;;;;INTERDOORS S.A.S;SUPERSOCIEDADES;Antioquia;ANTIOQUIA;GIRARDOTA-ANTIOQUIA
;;;;COMPURENT SAS;SUPERSOCIEDADES;Antioquia;ANTIOQUIA;MEDELLIN-ANTIOQUIA
;;;;IMPORTADORA NASA S.A.S.;SUPERSOCIEDADES;Antioquia;ANTIOQUIA;MEDELLIN-ANTIOQUIA
;;;;YKK COLOMBIA S.A.S.;SUPERSOCIEDADES;Antioquia;ANTIOQUIA;RIONEGRO-ANTIOQUIA
;;;;INDUSTRIA DE GALLETAS GRECO;SUPERSOCIEDADES;Antioquia;ANTIOQUIA;GIRARDOTA-ANTIOQUIA
;;;;TRANSPORTES CARGOFRIO SAS;SUPERTRANSPORTE;Antioquia;ANTIOQUIA;MEDELLIN-ANTIOQUIA
;;;;COMERCIALIZADORA RETINSA SAS;SUPERSOCIEDADES;Antioquia;ANTIOQUIA;MEDELLIN-ANTIOQUIA
;;;;GLOBAL MENSAJERIA;SUPERTRANSPORTE;Antioquia;ANTIOQUIA;MEDELLIN-ANTIOQUIA
;;;;FIRPLAK SA;SUPERSOCIEDADES;Antioquia;ANTIOQUIA;ITAGUI-ANTIOQUIA
;;;;OPTIMA S.A.S. VIVIENDA Y CONSTRUCCIÓN;SUPERSOCIEDADES;Antioquia;ANTIOQUIA;MEDELLIN-ANTIOQUIA
;;;;CREACIONES NADAR S.A;SUPERSOCIEDADES;Antioquia;ANTIOQUIA;MEDELLIN-ANTIOQUIA
;;;;SERVIBARRAS S.A.S.;SUPERSOCIEDADES;Antioquia;ANTIOQUIA;SABANETA-ANTIOQUIA
;;;;Escada Financial Corp Sucursal Colombia;SUPERSOCIEDADES;Antioquia;ANTIOQUIA;MEDELLIN-ANTIOQUIA
;;;;UNION MEDICAL SAS;SUPERSOCIEDADES;Antioquia;ANTIOQUIA;ENVIGADO-ANTIOQUIA
;;;;PRODIA S.A.S.;SUPERSOCIEDADES;Antioquia;ANTIOQUIA;ENVIGADO-ANTIOQUIA
;;;;TIPALMA SAS;SUPERSOCIEDADES;Antioquia;ANTIOQUIA;LA ESTRELLA-ANTIOQUIA
;;;;HYBRYTEC SAS;SUPERSOCIEDADES;Antioquia;ANTIOQUIA;ITAGUI-ANTIOQUIA
;;;;DISTRIBUIDORA ANDINA DE ARTICULOS DEPORTIVOS S.A.S;SUPERSOCIEDADES;Antioquia;ANTIOQUIA;SABANETA-ANTIOQUIA
;;;;JAL TECH SOLUCIONES SAS JAL TECH SOLUCIONES SAS;SUPERSOCIEDADES;Antioquia;ANTIOQUIA;ITAGUI-ANTIOQUIA
;;;;AUTODICOL SAS;SUPERSOCIEDADES;Antioquia;ANTIOQUIA;MEDELLIN-ANTIOQUIA
;;;;CENTRO ACEROS S.A.S.;SUPERSOCIEDADES;Antioquia;ANTIOQUIA;GUARNE-ANTIOQUIA
;;;;CHAMELA SAS;SUPERSOCIEDADES;Antioquia;ANTIOQUIA;MEDELLIN-ANTIOQUIA
;;;;ASEO TECNICO S.A.S. E.S.P.;SUPERSERVICIOS;Antioquia;ANTIOQUIA;MEDELLIN-ANTIOQUIA
;;;;CALA COLOMBIA SAS;SUPERSOCIEDADES;Antioquia;ANTIOQUIA;ITAGUI-ANTIOQUIA
;;;;PRODUCTORA AGROINDUSTRIAL DE COLOMBIA PROAINCO SAS;SUPERSOCIEDADES;Antioquia;ANTIOQUIA;MEDELLIN-ANTIOQUIA
;;;;ALMACEN MOTOCAMPO S.A;SUPERSOCIEDADES;Antioquia;ANTIOQUIA;MEDELLIN-ANTIOQUIA
;;;;IFCOSYSTEMS COLOMBIA SAS;SUPERSOCIEDADES;Antioquia;ANTIOQUIA;CALDAS-ANTIOQUIA
;;;;SINERGIATEX SAS;SUPERSOCIEDADES;Antioquia;ANTIOQUIA;LA ESTRELLA-ANTIOQUIA
;;;;COMERCIAL LUX S.A.S;SUPERSOCIEDADES;Antioquia;ANTIOQUIA;MEDELLIN-ANTIOQUIA
;;;;IMPORTACIONES REYPAR S.A.S;SUPERSOCIEDADES;Antioquia;ANTIOQUIA;ENVIGADO-ANTIOQUIA
;;;;PROMOTORA INMOBILIAIRIA MADERA S.A.S;SUPERSOCIEDADES;Antioquia;ANTIOQUIA;MEDELLIN-ANTIOQUIA
;;;;SERVICIOS GRUPO BIOS S.A.S.;SUPERSOCIEDADES;Antioquia;ANTIOQUIA;ENVIGADO-ANTIOQUIA
;;;;Equipos Gleason S.A;SUPERSOCIEDADES;Antioquia;ANTIOQUIA;MEDELLIN-ANTIOQUIA
;;;;KP EMPAQUES FLEXIBLES SAS;SUPERSOCIEDADES;Antioquia;ANTIOQUIA;GUARNE-ANTIOQUIA
;;;;COMERCIALIZADORA INTERNACIONAL CARIBBEAN EXOTICS SAS;SUPERSOCIEDADES;Antioquia;ANTIOQUIA;RIONEGRO-ANTIOQUIA
;;;;ESCALAR DISTRIBUCIONES S.A.S.;SUPERSOCIEDADES;Antioquia;ANTIOQUIA;LA ESTRELLA-ANTIOQUIA
;;;;COLOMBIANA DE VIGILANCIA TECNICA LTDA;SUPERVIGILANCIA;Antioquia;ANTIOQUIA;MEDELLIN-ANTIOQUIA
;;;;NUTRICERES SAS;SUPERSOCIEDADES;Antioquia;ANTIOQUIA;RIONEGRO-ANTIOQUIA
;;;;ACCESORIOS Y VALVULAS APOLO SAS;SUPERSOCIEDADES;Antioquia;ANTIOQUIA;GUARNE-ANTIOQUIA
;;;;OCEANIC PAINTS SAS;SUPERSOCIEDADES;Antioquia;ANTIOQUIA;MEDELLIN-ANTIOQUIA
;;;;TRANSPORTES DE LA SIERRA S.A.S.;SUPERTRANSPORTE;Antioquia;ANTIOQUIA;MEDELLIN-ANTIOQUIA
;;;;INVERSIONES CANO PEREZ SAS;SUPERSOCIEDADES;Antioquia;ANTIOQUIA;SAN PEDRO-ANTIOQUIA
;;;;PRODUCTOS ALIMENTICIOS LAS CASERITAS SA;SUPERSOCIEDADES;Antioquia;ANTIOQUIA;SABANETA-ANTIOQUIA
;;;;Universidad Ces;SUPERSALUD;Antioquia;ANTIOQUIA;SABANETA-ANTIOQUIA
;;;;PLASTIBOL DE COLOMBIA SAS;SUPERSOCIEDADES;Antioquia;ANTIOQUIA;RIONEGRO-ANTIOQUIA
;;;;BODEGA DE MODA S.A.S;SUPERSOCIEDADES;Antioquia;ANTIOQUIA;ITAGUI-ANTIOQUIA
;;;;RINCARD SAS;SUPERSOCIEDADES;Antioquia;ANTIOQUIA;BELLO-ANTIOQUIA
;;;;DISTRILECO CAUCASIA SAS;SUPERSOCIEDADES;Antioquia;ANTIOQUIA;CAUCASIA-ANTIOQUIA
;;;;MONA MINAS SA COLOMBIA;SUPERSOCIEDADES;Antioquia;ANTIOQUIA;MEDELLIN-ANTIOQUIA
;;;;SUMMA SERVICIOS CORPORATIVOS INTEGRALES SAS;SUPERSOCIEDADES;Antioquia;ANTIOQUIA;SABANETA-ANTIOQUIA
;;;;CI CONFECCIONES INDUSTRIALES PARA EXPORTACION SA;SUPERSOCIEDADES;Antioquia;ANTIOQUIA;MEDELLIN-ANTIOQUIA
;;;;FRIGOCARNES SAS;SUPERSOCIEDADES;Antioquia;ANTIOQUIA;MEDELLIN-ANTIOQUIA
;;;;CONDUGAS SA BIC;SUPERSOCIEDADES;Antioquia;ANTIOQUIA;MEDELLIN-ANTIOQUIA
;;;;CONSTRUCTORA SUMAS & RESTAS SAS;SUPERSOCIEDADES;Antioquia;ANTIOQUIA;ENVIGADO-ANTIOQUIA
;;;;MEDICAL SUPP;SUPERSOCIEDADES;Antioquia;ANTIOQUIA;LA ESTRELLA-ANTIOQUIA
;;;;COLTEJER S.A.;SUPERFINANCIERA;Antioquia;ANTIOQUIA;ITAGUI-ANTIOQUIA
;;;;AVERY DENNISON RETAIL INFORMATION SERVICES COLOMBIA S.A.S.;SUPERSOCIEDADES;Antioquia;ANTIOQUIA;MEDELLIN-ANTIOQUIA
;;;;ORGANIZACION FERKATIO SAS;SUPERSOCIEDADES;Antioquia;ANTIOQUIA;APARTADO-ANTIOQUIA
;;;;MANGLA COMBUSTIBLES SAS;SUPERSOCIEDADES;Antioquia;ANTIOQUIA;TURBO-ANTIOQUIA
;;;;NEGOCIOS Y REPRESENTACIONES S.A.S.;SUPERSOCIEDADES;Antioquia;ANTIOQUIA;MEDELLIN-ANTIOQUIA
;;;;EVERTEC PLACETOPAY S.A.S.;SUPERSOCIEDADES;Antioquia;ANTIOQUIA;MEDELLIN-ANTIOQUIA
;;;;GRUPO EMPRESARIALCOMATCOL;SUPERSOCIEDADES;Antioquia;ANTIOQUIA;MEDELLIN-ANTIOQUIA
;;;;ENERGIA DEL RIO PIEDRAS S.A. E.S.P.;SUPERSERVICIOS;Antioquia;ANTIOQUIA;MEDELLIN-ANTIOQUIA
;;;;INCAMETAL S.A.S;SUPERSOCIEDADES;Antioquia;ANTIOQUIA;BELLO-ANTIOQUIA
